Workbook

Sheet 塗裝各項不良率-明細
A1: 10/23起使用無毒(除了15%纖維) | I1: 8/2、8/5、8/7起關456 | K1: 8/20(E2、E3後段30度) | M1: 8/20起除了愛信80度54分其餘80度20分，8/26~9/51後段40，9/8:E6開40度
A2: 12/10-3310擦拭驗證 | I2: 11/10開始無E6(已拆除)
A3: 12/16-3310擦拭驗證
A5: 噴塗日 | B5: 噴塗 時間 | C5: 檢查日 | D5: 顏色 代碼 | E5: 漆廠 | F5: 顏色 | G5: 工單 | H5: 物料 | I5: 舊物料 | J5: 工單數量 | K5: 不良數 | L5: 總不良率 | M5: 砂礫 | N5: 毛屑 | O5: 白點 | P5: 備註 | Q5: 備註 右(R) 左(L) | R5: 來料不良 | S5: 流漆 | T5: 遮蔽治具噴飛 | U5: 其他不良 | V5: 色差 | W5: 翻車不良 | X5: 針孔 | Y5: 凹痕 | Z5: 元件
C6: 45659 | D6: =RIGHT(I6,3) -> QRB | E6: =VLOOKUP(D:D,工作表2!A:B,2,0) -> 邦善 | F6: =VLOOKUP(D:D,工作表2!A:C,3,0) -> 霧面黑 | G6: 10232655 | H6: A3252820T | I6: 5OEG006036XAHQRB | J6: 9310 | K6: 808 | L6: =K6/J6 -> 0.0867884 | M6: 560 | N6: 88 | O6: 160
C7: 45659 | D7: QSB | E7: 邦善 | F7: 黑 | G7: 10232663 | H7: A3252810T | I7: 5OEG006036XAHQSB | J7: 7182 | K7: 669 | L7: =K7/J7 -> 0.093149541 | M7: 619 | N7: 50
C8: 45659 | D8: X8A | E8: 邦善 | F8: 灰 | G8: 10237260 | H8: A33237A0T | I8: 5OEG006037XAHX8A | J8: 50 | K8: 13 | L8: =K8/J8 -> 0.26 | M8: 10 | N8: 3
C9: 45659 | D9: NQB | E9: 邦善 | F9: 黑 | G9: 10224999 | H9: A3271350T | I9: 5PPG006940XA0NQB | J9: 520 | K9: 75 | L9: =K9/J9 -> 0.14423077 | M9: 63 | N9: 12 | Q9: =VLOOKUP(H:H,'[1]雷雕處遮蔽&艾仕得8844'!$A:$C,3,0) -> L
C10: 45659 | D10: NQB | E10: 邦善 | F10: 黑 | G10: 10225000 | H10: A3271450T | I10: 5PPG006941XA0NQB | J10: 560 | K10: 84 | L10: =K10/J10 -> 0.15 | M10: 64 | N10: 20 | Q10: =VLOOKUP(H:H,'[1]雷雕處遮蔽&艾仕得8844'!$A:$C,3,0) -> R
C11: 45659 | D11: NGW | E11: 邦善 | F11: 白 | G11: 10225004 | H11: A3271830T | I11: 5PPG006943XA0NGW | J11: 440 | K11: 45 | L11: =K11/J11 -> 0.10227273 | M11: 36 | N11: 9 | Q11: =VLOOKUP(H:H,'[1]雷雕處遮蔽&艾仕得8844'!$A:$C,3,0) -> R
C12: 45659 | D12: QFA | E12: 邦善 | F12: 灰 | G12: 10225001 | H12: A3271540T | I12: 5PPG006944XA0QFA | J12: 240 | K12: 10 | L12: =K12/J12 -> 0.041666667 | M12: 8 | N12: 2 | Q12: =VLOOKUP(H:H,'[1]雷雕處遮蔽&艾仕得8844'!$A:$C,3,0) -> L
C13: 45659 | D13: NGW | E13: 邦善 | F13: 白 | G13: 10225003 | H13: A3271630T | I13: 5PPG006945XA0NGW | J13: 440 | K13: 69 | L13: =K13/J13 -> 0.15681818 | M13: 63 | N13: 6 | Q13: =VLOOKUP(H:H,'[1]雷雕處遮蔽&艾仕得8844'!$A:$C,3,0) -> R
C14: 45659 | D14: NGW | E14: 邦善 | F14: 白 | G14: 10224994 | H14: A3268570T | I14: 5PPG006970XA0NGW | J14: 520 | K14: 32 | L14: =K14/J14 -> 0.061538462 | M14: 30 | N14: 2 | Q14: =VLOOKUP(H:H,'[1]雷雕處遮蔽&艾仕得8844'!$A:$C,3,0) -> R
C15: 45659 | D15: N8B | E15: 建榮 | F15: 霧面黑 | G15: 10224872 | H15: A32474B0T | I15: 5PPG105301XC0N8B | J15: 1742 | K15: 118 | L15: =K15/J15 -> 0.067738232 | M15: 90 | N15: 28 | Q15: =VLOOKUP(H:H,'[1]雷雕處遮蔽&艾仕得8844'!$A:$C,3,0) -> 0度頭蓋
C16: 45659 | D16: NGW | E16: 邦善 | F16: 白 | G16: 10224879 | H16: A3247490T | I16: 5PPG105301XC0NGW | J16: 4020 | K16: 942 | L16: =K16/J16 -> 0.23432836 | M16: 800 | N16: 142 | Q16: =VLOOKUP(H:H,'[1]雷雕處遮蔽&艾仕得8844'!$A:$C,3,0) -> 0度頭蓋
C17: 45659 | D17: R7A | E17: 邦善 | F17: 灰 | G17: 10224888 | H17: A32474M0T | I17: 5PPG105301XC0R7A | J17: 1177 | K17: 35 | L17: =K17/J17 -> 0.029736619 | M17: 27 | N17: 8 | Q17: =VLOOKUP(H:H,'[1]雷雕處遮蔽&艾仕得8844'!$A:$C,3,0) -> 0度頭蓋
C18: 45659 | D18: UUS | E18: 邦善 | F18: 銀 | G18: 10224889 | H18: A32474N0T | I18: 5PPG105301XC0UUS | J18: 1340 | K18: 87 | L18: =K18/J18 -> 0.064925373 | M18: 70 | N18: 17 | Q18: =VLOOKUP(H:H,'[1]雷雕處遮蔽&艾仕得8844'!$A:$C,3,0) -> 0度頭蓋
C19: 45660 | D19: =RIGHT(I19,3) -> QRB | E19: =VLOOKUP(D:D,工作表2!A:B,2,0) -> 邦善 | F19: =VLOOKUP(D:D,工作表2!A:C,3,0) -> 霧面黑 | G19: 10232655 | H19: A3252820T | I19: 5OEG006036XAHQRB | J19: 19950 | K19: 1732 | L19: =K19/J19 -> 0.086817043 | M19: 1275 | N19: 256 | O19: 201
C20: 45660 | D20: =RIGHT(I20,3) -> QRB | E20: =VLOOKUP(D:D,工作表2!A:B,2,0) -> 邦善 | F20: =VLOOKUP(D:D,工作表2!A:C,3,0) -> 霧面黑 | G20: 10232654 | H20: A3252820T | I20: 5OEG006036XAHQRB | J20: 29260 | K20: 3676 | L20: =K20/J20 -> 0.12563226 | M20: 3237 | N20: 210 | O20: 229
C21: 45660 | D21: =RIGHT(I21,3) -> 75W | E21: =VLOOKUP(D:D,工作表2!A:B,2,0) -> 敦陽 | F21: =VLOOKUP(D:D,工作表2!A:C,3,0) -> 白 | G21: 10236992 | H21: A3214510T | I21: 5OET005635XAH75W | J21: 30 | K21: 11 | L21: =K21/J21 -> 0.36666667 | M21: 7 | N21: 4
C22: 45660 | D22: =RIGHT(I22,3) -> NGW | E22: =VLOOKUP(D:D,工作表2!A:B,2,0) -> 邦善 | F22: =VLOOKUP(D:D,工作表2!A:C,3,0) -> 白 | G22: 10226678 | H22: A3266410T | I22: 5PPG006948XA0NGW | J22: 640 | K22: 84 | L22: =K22/J22 -> 0.13125 | M22: 57 | N22: 27 | Q22: =VLOOKUP(H:H,'[1]雷雕處遮蔽&艾仕得8844'!$A:$C,3,0) -> R
C23: 45660 | D23: =RIGHT(I23,3) -> RCA | E23: =VLOOKUP(D:D,工作表2!A:B,2,0) -> 邦善 | F23: =VLOOKUP(D:D,工作表2!A:C,3,0) -> 灰 | G23: 10224990 | H23: A3266470T | I23: 5PPG006948XA0RCA | J23: 600 | K23: 25 | L23: =K23/J23 -> 0.041666667 | M23: 22 | N23: 3 | Q23: =VLOOKUP(H:H,'[1]雷雕處遮蔽&艾仕得8844'!$A:$C,3,0) -> R
C24: 45660 | D24: =RIGHT(I24,3) -> NCB | E24: =VLOOKUP(D:D,工作表2!A:B,2,0) -> 邦善 | F24: =VLOOKUP(D:D,工作表2!A:C,3,0) -> 黑 | G24: 10224993 | H24: A3268540T | I24: 5PPG006970XA0NCB | J24: 530 | K24: 132 | L24: =K24/J24 -> 0.2490566 | M24: 117 | N24: 15 | Q24: =VLOOKUP(H:H,'[1]雷雕處遮蔽&艾仕得8844'!$A:$C,3,0) -> R
C25: 45660 | D25: =RIGHT(I25,3) -> NEA | E25: =VLOOKUP(D:D,工作表2!A:B,2,0) -> 邦善 | F25: =VLOOKUP(D:D,工作表2!A:C,3,0) -> 灰 | G25: 10224997 | H25: A3268650T | I25: 5PPG006971XA0NEA | J25: 800 | K25: 52 | L25: =K25/J25 -> 0.065 | M25: 39 | N25: 13 | Q25: =VLOOKUP(H:H,'[1]雷雕處遮蔽&艾仕得8844'!$A:$C,3,0) -> L
C26: 45660 | D26: =RIGHT(I26,3) -> NGW | E26: =VLOOKUP(D:D,工作表2!A:B,2,0) -> 邦善 | F26: =VLOOKUP(D:D,工作表2!A:C,3,0) -> 白 | G26: 10224998 | H26: A3268670T | I26: 5PPG006971XA0NGW | J26: 800 | K26: 56 | L26: =K26/J26 -> 0.07 | M26: 56 | Q26: =VLOOKUP(H:H,'[1]雷雕處遮蔽&艾仕得8844'!$A:$C,3,0) -> L
C27: 45660 | D27: =RIGHT(I27,3) -> NEA | E27: =VLOOKUP(D:D,工作表2!A:B,2,0) -> 邦善 | F27: =VLOOKUP(D:D,工作表2!A:C,3,0) -> 灰 | G27: 10224955 | H27: A3247410T | I27: 5PPG105301XC0NEA | J27: 1742 | K27: 157 | L27: =K27/J27 -> 0.090126292 | M27: 115 | N27: 42 | Q27: =VLOOKUP(H:H,'[1]雷雕處遮蔽&艾仕得8844'!$A:$C,3,0) -> 0度頭蓋
C28: 45660 | D28: =RIGHT(I28,3) -> BBB | E28: =VLOOKUP(D:D,工作表2!A:B,2,0) -> 邦善 | F28: =VLOOKUP(D:D,工作表2!A:C,3,0) -> 霧面黑 | G28: 10236993 | H28: A30008K3T | I28: 5SNT000008XA0BBB | J28: 30 | K28: 1 | L28: =K28/J28 -> 0.033333333 | M28: 1
C29: 45660 | D29: =RIGHT(I29,3) -> 42W | E29: =VLOOKUP(D:D,工作表2!A:B,2,0) -> 敦陽 | F29: =VLOOKUP(D:D,工作表2!A:C,3,0) -> 白 | G29: 10232671 | H29: A3001920T | I29: 5SNT000019XA042W | J29: 30 | K29: 6 | L29: =K29/J29 -> 0.2 | M29: 4 | N29: 2
C30: 45661 | D30: =RIGHT(I30,3) -> QRB | E30: =VLOOKUP(D:D,工作表2!A:B,2,0) -> 邦善 | F30: =VLOOKUP(D:D,工作表2!A:C,3,0) -> 霧面黑 | G30: 10232656 | H30: A3252820T | I30: 5OEG006036XAHQRB | J30: 15960 | K30: 1441 | L30: =K30/J30 -> 0.090288221 | M30: 900 | N30: 186 | O30: 355
C31: 45661 | D31: =RIGHT(I31,3) -> QUW | E31: =VLOOKUP(D:D,工作表2!A:B,2,0) -> 邦善 | F31: =VLOOKUP(D:D,工作表2!A:C,3,0) -> 白 | G31: 10235643 | H31: A3252870T | I31: 5OEG006036XAHQUW | J31: 9842 | K31: 514 | L31: =K31/J31 -> 0.052225157 | M31: 491 | N31: 23
C32: 45661 | D32: =RIGHT(I32,3) -> W3B | E32: =VLOOKUP(D:D,工作表2!A:B,2,0) -> 華山 | F32: =VLOOKUP(D:D,工作表2!A:C,3,0) -> 黑 | G32: 10237527 | H32: A3297330T | I32: 5OEG006116XAHW3B | J32: 30 | K32: 6 | L32: =K32/J32 -> 0.2 | M32: 6
C33: 45661 | D33: =RIGHT(I33,3) -> VYW | E33: =VLOOKUP(D:D,工作表2!A:B,2,0) -> 華山 | F33: =VLOOKUP(D:D,工作表2!A:C,3,0) -> 白 | G33: 10226624 | H33: A3297420T | I33: 5OEG006117XAHVYW | J33: 770 | K33: 156 | L33: =K33/J33 -> 0.2025974 | M33: 112 | N33: 44
C34: 45661 | D34: =RIGHT(I34,3) -> WAA | E34: =VLOOKUP(D:D,工作表2!A:B,2,0) -> 華山 | F34: =VLOOKUP(D:D,工作表2!A:C,3,0) -> 灰 | G34: 10226626 | H34: A3297470T | I34: 5OEG006117XAHWAA | J34: 560 | K34: 140 | L34: =K34/J34 -> 0.25 | M34: 95 | N34: 45
C35: 45661 | D35: =RIGHT(I35,3) -> N8B | E35: =VLOOKUP(D:D,工作表2!A:B,2,0) -> 邦善 | F35: =VLOOKUP(D:D,工作表2!A:C,3,0) -> 霧面黑 | G35: 10224052 | H35: A3228650T | I35: 5OET005693XCHN8B | J35: 6118 | K35: 232 | L35: =K35/J35 -> 0.037920889 | M35: 207 | N35: 25
C36: 45661 | D36: =RIGHT(I36,3) -> N8B | E36: =VLOOKUP(D:D,工作表2!A:B,2,0) -> 邦善 | F36: =VLOOKUP(D:D,工作表2!A:C,3,0) -> 霧面黑 | G36: 10224979 | H36: A3228650T | I36: 5OET005693XCHN8B | J36: 1862 | K36: 112 | L36: =K36/J36 -> 0.060150376 | M36: 98 | N36: 14
C37: 45661 | D37: =RIGHT(I37,3) -> NBB | E37: =VLOOKUP(D:D,工作表2!A:B,2,0) -> 邦善 | F37: =VLOOKUP(D:D,工作表2!A:C,3,0) -> 霧面黑 | G37: 10227968 | H37: A32286N0T | I37: 5OET005693XCHNBB | J37: 1862 | K37: 37 | L37: =K37/J37 -> 0.019871106 | M37: 35 | N37: 2
C38: 45661 | D38: =RIGHT(I38,3) -> VPL | E38: =VLOOKUP(D:D,工作表2!A:B,2,0) -> 邦善 | F38: =VLOOKUP(D:D,工作表2!A:C,3,0) -> 藍 | G38: 10224982 | H38: A32286A1T | I38: 5OET005693XCHVPL | J38: 798 | K38: 58 | L38: =K38/J38 -> 0.072681704 | M38: 55 | N38: 3
C39: 45661 | D39: =RIGHT(I39,3) -> NGW | E39: =VLOOKUP(D:D,工作表2!A:B,2,0) -> 邦善 | F39: =VLOOKUP(D:D,工作表2!A:C,3,0) -> 白 | G39: 10224985 | H39: A3266310T | I39: 5PPG006947XA0NGW | J39: 640 | K39: 33 | L39: =K39/J39 -> 0.0515625 | M39: 30 | N39: 3 | Q39: =VLOOKUP(H:H,'[1]雷雕處遮蔽&艾仕得8844'!$A:$C,3,0) -> L
C40: 45661 | D40: =RIGHT(I40,3) -> RCA | E40: =VLOOKUP(D:D,工作表2!A:B,2,0) -> 邦善 | F40: =VLOOKUP(D:D,工作表2!A:C,3,0) -> 灰 | G40: 10224986 | H40: A3266370T | I40: 5PPG006947XA0RCA | J40: 330 | K40: 34 | L40: =K40/J40 -> 0.1030303 | M40: 26 | N40: 8 | Q40: =VLOOKUP(H:H,'[1]雷雕處遮蔽&艾仕得8844'!$A:$C,3,0) -> L
C41: 45661 | D41: =RIGHT(I41,3) -> RRA | E41: =VLOOKUP(D:D,工作表2!A:B,2,0) -> 邦善 | F41: =VLOOKUP(D:D,工作表2!A:C,3,0) -> 灰 | G41: 10224987 | H41: A3266380T | I41: 5PPG006947XA0RRA | J41: 680 | K41: 46 | L41: =K41/J41 -> 0.067647059 | M41: 40 | N41: 6 | Q41: =VLOOKUP(H:H,'[1]雷雕處遮蔽&艾仕得8844'!$A:$C,3,0) -> L
C42: 45661 | D42: =RIGHT(I42,3) -> UYL | E42: =VLOOKUP(D:D,工作表2!A:B,2,0) -> 邦善 | F42: =VLOOKUP(D:D,工作表2!A:C,3,0) -> 藍 | G42: 10224988 | H42: A32663A0T | I42: 5PPG006947XA0UYL | J42: 360 | K42: 51 | L42: =K42/J42 -> 0.14166667 | M42: 35 | N42: 16 | Q42: =VLOOKUP(H:H,'[1]雷雕處遮蔽&艾仕得8844'!$A:$C,3,0) -> L
C43: 45661 | D43: =RIGHT(I43,3) -> UUS | E43: =VLOOKUP(D:D,工作表2!A:B,2,0) -> 邦善 | F43: =VLOOKUP(D:D,工作表2!A:C,3,0) -> 銀 | G43: 10224991 | H43: A3266490T | I43: 5PPG006948XA0UUS | J43: 600 | K43: 41 | L43: =K43/J43 -> 0.068333333 | M43: 36 | N43: 5 | Q43: =VLOOKUP(H:H,'[1]雷雕處遮蔽&艾仕得8844'!$A:$C,3,0) -> R
C44: 45661 | D44: =RIGHT(I44,3) -> RMG | E44: =VLOOKUP(D:D,工作表2!A:B,2,0) -> 邦善 | F44: =VLOOKUP(D:D,工作表2!A:C,3,0) -> 綠 | G44: 10224995 | H44: A3268620T | I44: 5PPG006971XA0RMG | J44: 520 | K44: 102 | L44: =K44/J44 -> 0.19615385 | M44: 90 | N44: 12 | Q44: =VLOOKUP(H:H,'[1]雷雕處遮蔽&艾仕得8844'!$A:$C,3,0) -> L
C45: 45661 | D45: =RIGHT(I45,3) -> RMG | E45: =VLOOKUP(D:D,工作表2!A:B,2,0) -> 邦善 | F45: =VLOOKUP(D:D,工作表2!A:C,3,0) -> 綠 | G45: 10227984 | H45: A3268620T | I45: 5PPG006971XA0RMG | J45: 560 | K45: 60 | L45: =K45/J45 -> 0.10714286 | M45: 54 | N45: 6 | Q45: =VLOOKUP(H:H,'[1]雷雕處遮蔽&艾仕得8844'!$A:$C,3,0) -> L
C46: 45661 | D46: =RIGHT(I46,3) -> Q9B | E46: =VLOOKUP(D:D,工作表2!A:B,2,0) -> 邦善 | F46: =VLOOKUP(D:D,工作表2!A:C,3,0) -> 黑 | G46: 10225016 | H46: A3280710T | I46: 5PPG007008XA0Q9B | J46: 440 | K46: 72 | L46: =K46/J46 -> 0.16363636 | M46: 67 | N46: 5 | Q46: =VLOOKUP(H:H,'[1]雷雕處遮蔽&艾仕得8844'!$A:$C,3,0) -> L
C47: 45661 | D47: =RIGHT(I47,3) -> Q9B | E47: =VLOOKUP(D:D,工作表2!A:B,2,0) -> 邦善 | F47: =VLOOKUP(D:D,工作表2!A:C,3,0) -> 黑 | G47: 10235574 | H47: A3280810T | I47: 5PPG007009XA0Q9B | J47: 240 | K47: 54 | L47: =K47/J47 -> 0.225 | M47: 37 | N47: 17 | Q47: =VLOOKUP(H:H,'[1]雷雕處遮蔽&艾仕得8844'!$A:$C,3,0) -> R
C48: 45661 | D48: =RIGHT(I48,3) -> RRA | E48: =VLOOKUP(D:D,工作表2!A:B,2,0) -> 邦善 | F48: =VLOOKUP(D:D,工作表2!A:C,3,0) -> 灰 | G48: 10225006 | H48: A3279840T | I48: 5PPG007024XA0RRA | J48: 560 | K48: 24 | L48: =K48/J48 -> 0.042857143 | M48: 20 | N48: 4 | Q48: =VLOOKUP(H:H,'[1]雷雕處遮蔽&艾仕得8844'!$A:$C,3,0) -> L
C49: 45661 | D49: =RIGHT(I49,3) -> RCA | E49: =VLOOKUP(D:D,工作表2!A:B,2,0) -> 邦善 | F49: =VLOOKUP(D:D,工作表2!A:C,3,0) -> 灰 | G49: 10225007 | H49: A3279930T | I49: 5PPG007025XA0RCA | J49: 550 | K49: 54 | L49: =K49/J49 -> 0.098181818 | M49: 48 | N49: 6 | Q49: =VLOOKUP(H:H,'[1]雷雕處遮蔽&艾仕得8844'!$A:$C,3,0) -> R
C50: 45661 | D50: =RIGHT(I50,3) -> RRA | E50: =VLOOKUP(D:D,工作表2!A:B,2,0) -> 邦善 | F50: =VLOOKUP(D:D,工作表2!A:C,3,0) -> 灰 | G50: 10225008 | H50: A3279940T | I50: 5PPG007025XA0RRA | J50: 520 | K50: 33 | L50: =K50/J50 -> 0.063461538 | M50: 30 | N50: 3 | Q50: =VLOOKUP(H:H,'[1]雷雕處遮蔽&艾仕得8844'!$A:$C,3,0) -> R
... C55: 45661 | D55: =RIGHT(I55,3) -> VPL | E55: =VLOOKUP(D:D,工作表2!A:B,2,0) -> 邦善 | F55: =VLOOKUP(D:D,工作表2!A:C,3,0) -> 藍 | G55: 10224880 | H55: A32474P0T | I55: 5PPG105301XC0VPL | J55: 1742 | K55: 382 | L55: =K55/J55 -> 0.21928817 | M55: 295 | N55: 87 | Q55: =VLOOKUP(H:H,'[1]雷雕處遮蔽&艾仕得8844'!$A:$C,3,0) -> 0度頭蓋
C56: 45663 | D56: =RIGHT(I56,3) -> NBB | E56: =VLOOKUP(D:D,工作表2!A:B,2,0) -> 邦善 | F56: =VLOOKUP(D:D,工作表2!A:C,3,0) -> 霧面黑 | G56: 10226669 | H56: A3259220T | I56: 5OEG005976XAHNBB | J56: 1330 | K56: 58 | L56: =K56/J56 -> 0.043609023 | M56: 53 | N56: 5
C57: 45663 | D57: =RIGHT(I57,3) -> NCB | E57: =VLOOKUP(D:D,工作表2!A:B,2,0) -> 邦善 | F57: =VLOOKUP(D:D,工作表2!A:C,3,0) -> 黑 | G57: 10225036 | H57: A3259230T | I57: 5OEG005976XAHNCB | J57: 3724 | K57: 619 | L57: =K57/J57 -> 0.16621912 | M57: 410 | N57: 209
C58: 45663 | D58: =RIGHT(I58,3) -> QRB | E58: =VLOOKUP(D:D,工作表2!A:B,2,0) -> 邦善 | F58: =VLOOKUP(D:D,工作表2!A:C,3,0) -> 霧面黑 | G58: 10232656 | H58: A3252820T | I58: 5OEG006036XAHQRB | J58: 13300 | K58: 1488 | L58: =K58/J58 -> 0.1118797 | M58: 896 | N58: 126 | O58: 466
C59: 45663 | D59: =RIGHT(I59,3) -> QUW | E59: =VLOOKUP(D:D,工作表2!A:B,2,0) -> 邦善 | F59: =VLOOKUP(D:D,工作表2!A:C,3,0) -> 白 | G59: 10232672 | H59: A3252870T | I59: 5OEG006036XAHQUW | J59: 15162 | K59: 839 | L59: =K59/J59 -> 0.055335708 | M59: 799 | N59: 40
C60: 45663 | D60: =RIGHT(I60,3) -> RXL | E60: =VLOOKUP(D:D,工作表2!A:B,2,0) -> 邦善 | F60: =VLOOKUP(D:D,工作表2!A:C,3,0) -> 藍 | G60: 10232680 | H60: A32528B0T | I60: 5OEG006036XAHRXL | J60: 532 | K60: 57 | L60: =K60/J60 -> 0.10714286 | M60: 40 | N60: 17
C61: 45663 | D61: =RIGHT(I61,3) -> N8B | E61: =VLOOKUP(D:D,工作表2!A:B,2,0) -> 邦善 | F61: =VLOOKUP(D:D,工作表2!A:C,3,0) -> 霧面黑 | G61: 10226663 | H61: A3228650T | I61: 5OET005693XCHN8B | J61: 1596 | K61: 68 | L61: =K61/J61 -> 0.042606516 | M61: 66 | N61: 2
C62: 45663 | D62: =RIGHT(I62,3) -> NQB | E62: =VLOOKUP(D:D,工作表2!A:B,2,0) -> 邦善 | F62: =VLOOKUP(D:D,工作表2!A:C,3,0) -> 黑 | G62: 10237539 | H62: A3271350T | I62: 5PPG006940XA0NQB | J62: 40 | K62: 10 | L62: =K62/J62 -> 0.25 | M62: 7 | N62: 3 | Q62: =VLOOKUP(H:H,'[1]雷雕處遮蔽&艾仕得8844'!$A:$C,3,0) -> L
C63: 45663 | D63: =RIGHT(I63,3) -> NQB | E63: =VLOOKUP(D:D,工作表2!A:B,2,0) -> 邦善 | F63: =VLOOKUP(D:D,工作表2!A:C,3,0) -> 黑 | G63: 10237540 | H63: A3271450T | I63: 5PPG006941XA0NQB | J63: 40 | K63: 6 | L63: =K63/J63 -> 0.15 | M63: 5 | N63: 1 | Q63: =VLOOKUP(H:H,'[1]雷雕處遮蔽&艾仕得8844'!$A:$C,3,0) -> R
C64: 45663 | D64: =RIGHT(I64,3) -> NPL | E64: =VLOOKUP(D:D,工作表2!A:B,2,0) -> 邦善 | F64: =VLOOKUP(D:D,工作表2!A:C,3,0) -> 藍 | G64: 10237541 | H64: A3271510T | I64: 5PPG006944XA0NPL | J64: 40 | K64: 4 | L64: =K64/J64 -> 0.1 | M64: 4 | Q64: =VLOOKUP(H:H,'[1]雷雕處遮蔽&艾仕得8844'!$A:$C,3,0) -> L
C65: 45663 | D65: =RIGHT(I65,3) -> NQB | E65: =VLOOKUP(D:D,工作表2!A:B,2,0) -> 邦善 | F65: =VLOOKUP(D:D,工作表2!A:C,3,0) -> 黑 | G65: 10237537 | H65: A3271650T | I65: 5PPG006945XA0NQB | J65: 40 | K65: 3 | L65: =K65/J65 -> 0.075 | M65: 3 | Q65: =VLOOKUP(H:H,'[1]雷雕處遮蔽&艾仕得8844'!$A:$C,3,0) -> R
C66: 45663 | D66: =RIGHT(I66,3) -> SYL | E66: =VLOOKUP(D:D,工作表2!A:B,2,0) -> 邦善 | F66: =VLOOKUP(D:D,工作表2!A:C,3,0) -> 藍 | G66: 10225009 | H66: A3279980T | I66: 5PPG007025XA0SYL | J66: 360 | K66: 20 | L66: =K66/J66 -> 0.055555556 | M66: 17 | N66: 3 | Q66: =VLOOKUP(H:H,'[1]雷雕處遮蔽&艾仕得8844'!$A:$C,3,0) -> R
C67: 45663 | D67: =RIGHT(I67,3) -> RCA | E67: =VLOOKUP(D:D,工作表2!A:B,2,0) -> 邦善 | F67: =VLOOKUP(D:D,工作表2!A:C,3,0) -> 灰 | G67: 10225010 | H67: A3280030T | I67: 5PPG007028XA0RCA | J67: 520 | K67: 41 | L67: =K67/J67 -> 0.078846154 | M67: 33 | N67: 8 | Q67: =VLOOKUP(H:H,'[1]雷雕處遮蔽&艾仕得8844'!$A:$C,3,0) -> L
C68: 45663 | D68: =RIGHT(I68,3) -> SYL | E68: =VLOOKUP(D:D,工作表2!A:B,2,0) -> 邦善 | F68: =VLOOKUP(D:D,工作表2!A:C,3,0) -> 藍 | G68: 10225015 | H68: A3280180T | I68: 5PPG007029XA0SYL | J68: 320 | K68: 31 | L68: =K68/J68 -> 0.096875 | M68: 25 | N68: 6 | Q68: =VLOOKUP(H:H,'[1]雷雕處遮蔽&艾仕得8844'!$A:$C,3,0) -> R
C69: 45664 | D69: =RIGHT(I69,3) -> QRB | E69: =VLOOKUP(D:D,工作表2!A:B,2,0) -> 邦善 | F69: =VLOOKUP(D:D,工作表2!A:C,3,0) -> 霧面黑 | G69: 10232664 | H69: A3252820T | I69: 5OEG006036XAHQRB | J69: 21280 | K69: 1675 | L69: =K69/J69 -> 0.078712406 | M69: 1063 | N69: 256 | O69: 356
C70: 45664 | D70: =RIGHT(I70,3) -> QVA | E70: =VLOOKUP(D:D,工作表2!A:B,2,0) -> 邦善 | F70: =VLOOKUP(D:D,工作表2!A:C,3,0) -> 灰 | G70: 10232677 | H70: A3252880T | I70: 5OEG006036XAHQVA | J70: 4256 | K70: 187 | L70: =K70/J70 -> 0.04393797 | M70: 150 | N70: 37
C71: 45664 | D71: =RIGHT(I71,3) -> TZB | E71: =VLOOKUP(D:D,工作表2!A:B,2,0) -> 邦善 | F71: =VLOOKUP(D:D,工作表2!A:C,3,0) -> 黑 | G71: 10232679 | H71: A3252891T | I71: 5OEG006036XAHTZB | J71: 1064 | K71: 127 | L71: =K71/J71 -> 0.1193609 | M71: 97 | N71: 30
C72: 45664 | D72: =RIGHT(I72,3) -> TZB | E72: =VLOOKUP(D:D,工作表2!A:B,2,0) -> 邦善 | F72: =VLOOKUP(D:D,工作表2!A:C,3,0) -> 黑 | G72: 10235632 | H72: A3252891T | I72: 5OEG006036XAHTZB | J72: 3192 | K72: 289 | L72: =K72/J72 -> 0.090538847 | M72: 271 | N72: 18
C73: 45664 | D73: =RIGHT(I73,3) -> NBB | E73: =VLOOKUP(D:D,工作表2!A:B,2,0) -> 邦善 | F73: =VLOOKUP(D:D,工作表2!A:C,3,0) -> 霧面黑 | G73: 10227968 | H73: A32286N0T | I73: 5OET005693XCHNBB | J73: 2394 | K73: 53 | L73: =K73/J73 -> 0.02213868 | M73: 48 | N73: 5
C74: 45664 | D74: =RIGHT(I74,3) -> RMG | E74: =VLOOKUP(D:D,工作表2!A:B,2,0) -> 邦善 | F74: =VLOOKUP(D:D,工作表2!A:C,3,0) -> 綠 | G74: 10236959 | H74: A3268620T | I74: 5PPG006971XA0RMG | J74: 40 | K74: 5 | L74: =K74/J74 -> 0.125 | M74: 4 | N74: 1 | Q74: =VLOOKUP(H:H,'[1]雷雕處遮蔽&艾仕得8844'!$A:$C,3,0) -> L
C75: 45664 | D75: =RIGHT(I75,3) -> RRA | E75: =VLOOKUP(D:D,工作表2!A:B,2,0) -> 邦善 | F75: =VLOOKUP(D:D,工作表2!A:C,3,0) -> 灰 | G75: 10225011 | H75: A3280040T | I75: 5PPG007028XA0RRA | J75: 540 | K75: 63 | L75: =K75/J75 -> 0.11666667 | M75: 39 | N75: 24 | Q75: =VLOOKUP(H:H,'[1]雷雕處遮蔽&艾仕得8844'!$A:$C,3,0) -> L
C76: 45664 | D76: =RIGHT(I76,3) -> RCA | E76: =VLOOKUP(D:D,工作表2!A:B,2,0) -> 邦善 | F76: =VLOOKUP(D:D,工作表2!A:C,3,0) -> 灰 | G76: 10225013 | H76: A3280130T | I76: 5PPG007029XA0RCA | J76: 520 | K76: 43 | L76: =K76/J76 -> 0.082692308 | M76: 38 | N76: 5 | Q76: =VLOOKUP(H:H,'[1]雷雕處遮蔽&艾仕得8844'!$A:$C,3,0) -> R
C77: 45664 | D77: =RIGHT(I77,3) -> NFS | E77: =VLOOKUP(D:D,工作表2!A:B,2,0) -> 邦善 | F77: =VLOOKUP(D:D,工作表2!A:C,3,0) -> 銀 | G77: 10225022 | H77: A3297910T | I77: 5PPG007033XA0NFS | J77: 560 | K77: 21 | L77: =K77/J77 -> 0.0375 | M77: 18 | N77: 3 | Q77: =VLOOKUP(H:H,'[1]雷雕處遮蔽&艾仕得8844'!$A:$C,3,0) -> NA
C78: 45664 | D78: =RIGHT(I78,3) -> NGW | E78: =VLOOKUP(D:D,工作表2!A:B,2,0) -> 邦善 | F78: =VLOOKUP(D:D,工作表2!A:C,3,0) -> 白 | G78: 10225023 | H78: A3297920T | I78: 5PPG007033XA0NGW | J78: 1000 | K78: 42 | L78: =K78/J78 -> 0.042 | M78: 34 | N78: 8 | Q78: =VLOOKUP(H:H,'[1]雷雕處遮蔽&艾仕得8844'!$A:$C,3,0) -> NA
C79: 45664 | D79: =RIGHT(I79,3) -> QFA | E79: =VLOOKUP(D:D,工作表2!A:B,2,0) -> 邦善 | F79: =VLOOKUP(D:D,工作表2!A:C,3,0) -> 灰 | G79: 10225024 | H79: A3297930T | I79: 5PPG007033XA0QFA | J79: 532 | K79: 26 | L79: =K79/J79 -> 0.04887218 | M79: 20 | N79: 6 | Q79: =VLOOKUP(H:H,'[1]雷雕處遮蔽&艾仕得8844'!$A:$C,3,0) -> NA
C80: 45665 | D80: =RIGHT(I80,3) -> Q9B | E80: =VLOOKUP(D:D,工作表2!A:B,2,0) -> 邦善 | F80: =VLOOKUP(D:D,工作表2!A:C,3,0) -> 黑 | G80: 10226676 | H80: A3259270T | I80: 5OEG005976XAHQ9B | J80: 798 | K80: 150 | L80: =K80/J80 -> 0.18796992 | M80: 140 | N80: 10
C81: 45665 | D81: =RIGHT(I81,3) -> QRB | E81: =VLOOKUP(D:D,工作表2!A:B,2,0) -> 邦善 | F81: =VLOOKUP(D:D,工作表2!A:C,3,0) -> 霧面黑 | G81: 10235655 | H81: A3252820T | I81: 5OEG006036XAHQRB | J81: 5320 | K81: 347 | L81: =K81/J81 -> 0.065225564 | M81: 305 | N81: 22 | O81: 70
C82: 45665 | D82: =RIGHT(I82,3) -> QRB | E82: =VLOOKUP(D:D,工作表2!A:B,2,0) -> 邦善 | F82: =VLOOKUP(D:D,工作表2!A:C,3,0) -> 霧面黑 | G82: 10232664 | H82: A3252820T | I82: 5OEG006036XAHQRB | J82: 7980 | K82: 592 | L82: =K82/J82 -> 0.074185464 | M82: 460 | N82: 20 | O82: 112
C83: 45665 | D83: =RIGHT(I83,3) -> S3B | E83: =VLOOKUP(D:D,工作表2!A:B,2,0) -> 邦善 | F83: =VLOOKUP(D:D,工作表2!A:C,3,0) -> 黑 | G83: 10232658 | H83: A32528G0T | I83: 5OEG006036XAHS3B | J83: 4788 | K83: 738 | L83: =K83/J83 -> 0.15413534 | M83: 720 | N83: 18
C84: 45665 | D84: =RIGHT(I84,3) -> S3B | E84: =VLOOKUP(D:D,工作表2!A:B,2,0) -> 邦善 | F84: =VLOOKUP(D:D,工作表2!A:C,3,0) -> 黑 | G84: 10232669 | H84: A32528G0T | I84: 5OEG006036XAHS3B | J84: 10640 | K84: 1656 | L84: =K84/J84 -> 0.1556391 | M84: 1560 | N84: 96
C85: 45665 | D85: =RIGHT(I85,3) -> SCR | E85: =VLOOKUP(D:D,工作表2!A:B,2,0) -> 邦善 | F85: =VLOOKUP(D:D,工作表2!A:C,3,0) -> 紅 | G85: 10232683 | H85: A32528F0T | I85: 5OEG006036XAHSCR | J85: 532 | K85: 57 | L85: =K85/J85 -> 0.10714286 | M85: 50 | N85: 7
C86: 45665 | D86: =RIGHT(I86,3) -> UUS | E86: =VLOOKUP(D:D,工作表2!A:B,2,0) -> 邦善 | F86: =VLOOKUP(D:D,工作表2!A:C,3,0) -> 銀 | G86: 10224949 | H86: A3228691T | I86: 5OET005693XCHUUS | J86: 2128 | K86: 54 | L86: =K86/J86 -> 0.02537594 | M86: 46 | N86: 8
C87: 45665 | D87: =RIGHT(I87,3) -> 78A | E87: =VLOOKUP(D:D,工作表2!A:B,2,0) -> 敦陽 | F87: =VLOOKUP(D:D,工作表2!A:C,3,0) -> 灰 | G87: 10236983 | H87: A3225120T | I87: 5PPG006742XC078A | J87: 30 | K87: 2 | L87: =K87/J87 -> 0.066666667 | M87: 2 | Q87: =VLOOKUP(H:H,'[1]雷雕處遮蔽&艾仕得8844'!$A:$C,3,0) -> 0度頭蓋
C88: 45665 | D88: =RIGHT(I88,3) -> NRR | E88: =VLOOKUP(D:D,工作表2!A:B,2,0) -> 邦善 | F88: =VLOOKUP(D:D,工作表2!A:C,3,0) -> 紅 | G88: 10233774 | H88: A3271120T | I88: 5PPG006938XA0NRR | J88: 32 | K88: 7 | L88: =K88/J88 -> 0.21875 | M88: 5 | N88: 2 | Q88: =VLOOKUP(H:H,'[1]雷雕處遮蔽&艾仕得8844'!$A:$C,3,0) -> L
C89: 45665 | D89: =RIGHT(I89,3) -> NRR | E89: =VLOOKUP(D:D,工作表2!A:B,2,0) -> 邦善 | F89: =VLOOKUP(D:D,工作表2!A:C,3,0) -> 紅 | G89: 10233772 | H89: A3271220T | I89: 5PPG006939XA0NRR | J89: 32 | K89: 11 | L89: =K89/J89 -> 0.34375 | M89: 8 | N89: 3 | Q89: =VLOOKUP(H:H,'[1]雷雕處遮蔽&艾仕得8844'!$A:$C,3,0) -> R
C90: 45665 | D90: =RIGHT(I90,3) -> UYL | E90: =VLOOKUP(D:D,工作表2!A:B,2,0) -> 邦善 | F90: =VLOOKUP(D:D,工作表2!A:C,3,0) -> 藍 | G90: 10235600 | H90: A32663A0T | I90: 5PPG006947XA0UYL | J90: 120 | K90: 18 | L90: =K90/J90 -> 0.15 | M90: 13 | N90: 5 | Q90: =VLOOKUP(H:H,'[1]雷雕處遮蔽&艾仕得8844'!$A:$C,3,0) -> L
C91: 45665 | D91: =RIGHT(I91,3) -> RMG | E91: =VLOOKUP(D:D,工作表2!A:B,2,0) -> 邦善 | F91: =VLOOKUP(D:D,工作表2!A:C,3,0) -> 綠 | G91: 10236961 | H91: A3268520T | I91: 5PPG006970XA0RMG | J91: 120 | K91: 14 | L91: =K91/J91 -> 0.11666667 | M91: 10 | N91: 4 | Q91: =VLOOKUP(H:H,'[1]雷雕處遮蔽&艾仕得8844'!$A:$C,3,0) -> R
C92: 45665 | D92: =RIGHT(I92,3) -> NGW | E92: =VLOOKUP(D:D,工作表2!A:B,2,0) -> 邦善 | F92: =VLOOKUP(D:D,工作表2!A:C,3,0) -> 白 | G92: 10225005 | H92: A3279810T | I92: 5PPG007024XA0NGW | J92: 560 | K92: 27 | L92: =K92/J92 -> 0.048214286 | M92: 20 | N92: 7 | Q92: =VLOOKUP(H:H,'[1]雷雕處遮蔽&艾仕得8844'!$A:$C,3,0) -> L
C93: 45665 | D93: =RIGHT(I93,3) -> NGW | E93: =VLOOKUP(D:D,工作表2!A:B,2,0) -> 邦善 | F93: =VLOOKUP(D:D,工作表2!A:C,3,0) -> 白 | G93: 10225012 | H93: A3280110T | I93: 5PPG007029XA0NGW | J93: 520 | K93: 59 | L93: =K93/J93 -> 0.11346154 | M93: 36 | N93: 23 | Q93: =VLOOKUP(H:H,'[1]雷雕處遮蔽&艾仕得8844'!$A:$C,3,0) -> R
C94: 45665 | D94: =RIGHT(I94,3) -> RRA | E94: =VLOOKUP(D:D,工作表2!A:B,2,0) -> 邦善 | F94: =VLOOKUP(D:D,工作表2!A:C,3,0) -> 灰 | G94: 10225014 | H94: A3280140T | I94: 5PPG007029XA0RRA | J94: 560 | K94: 54 | L94: =K94/J94 -> 0.096428571 | M94: 45 | N94: 9 | Q94: =VLOOKUP(H:H,'[1]雷雕處遮蔽&艾仕得8844'!$A:$C,3,0) -> R
C95: 45665 | D95: =RIGHT(I95,3) -> NGW | E95: =VLOOKUP(D:D,工作表2!A:B,2,0) -> 邦善 | F95: =VLOOKUP(D:D,工作表2!A:C,3,0) -> 白 | G95: 10225021 | H95: A3297820T | I95: 5PPG007035XA0NGW | J95: 550 | K95: 25 | L95: =K95/J95 -> 0.045454545 | M95: 21 | N95: 4 | Q95: =VLOOKUP(H:H,'[1]雷雕處遮蔽&艾仕得8844'!$A:$C,3,0) -> NA
C96: 45665 | D96: =RIGHT(I96,3) -> NRR | E96: =VLOOKUP(D:D,工作表2!A:B,2,0) -> 邦善 | F96: =VLOOKUP(D:D,工作表2!A:C,3,0) -> 紅 | G96: 10237538 | H96: A3297580T | I96: 5PPG007036XA0NRR | J96: 40 | K96: 4 | L96: =K96/J96 -> 0.1 | M96: 3 | N96: 1 | Q96: =VLOOKUP(H:H,'[1]雷雕處遮蔽&艾仕得8844'!$A:$C,3,0) -> R
C97: 45665 | D97: =RIGHT(I97,3) -> QFA | E97: =VLOOKUP(D:D,工作表2!A:B,2,0) -> 邦善 | F97: =VLOOKUP(D:D,工作表2!A:C,3,0) -> 灰 | G97: 10225018 | H97: A3297530T | I97: 5PPG007036XA0QFA | J97: 400 | K97: 24 | L97: =K97/J97 -> 0.06 | M97: 19 | N97: 5 | Q97: =VLOOKUP(H:H,'[1]雷雕處遮蔽&艾仕得8844'!$A:$C,3,0) -> R
C98: 45665 | D98: =RIGHT(I98,3) -> NFS | E98: =VLOOKUP(D:D,工作表2!A:B,2,0) -> 邦善 | F98: =VLOOKUP(D:D,工作表2!A:C,3,0) -> 銀 | G98: 10225019 | H98: A3297610T | I98: 5PPG007037XA0NFS | J98: 390 | K98: 18 | L98: =K98/J98 -> 0.046153846 | M98: 16 | N98: 2 | Q98: =VLOOKUP(H:H,'[1]雷雕處遮蔽&艾仕得8844'!$A:$C,3,0) -> L
C99: 45665 | D99: =RIGHT(I99,3) -> QFA | E99: =VLOOKUP(D:D,工作表2!A:B,2,0) -> 邦善 | F99: =VLOOKUP(D:D,工作表2!A:C,3,0) -> 灰 | G99: 10225027 | H99: A3298030T | I99: 5PPG007038XA0QFA | J99: 280 | K99: 15 | L99: =K99/J99 -> 0.053571429 | M99: 10 | N99: 5 | Q99: =VLOOKUP(H:H,'[1]雷雕處遮蔽&艾仕得8844'!$A:$C,3,0) -> NA
... C101: 45665 | D101: =RIGHT(I101,3) -> SYL | E101: =VLOOKUP(D:D,工作表2!A:B,2,0) -> 邦善 | F101: =VLOOKUP(D:D,工作表2!A:C,3,0) -> 藍 | G101: 10225030 | H101: A3298170T | I101: 5PPG007039XA0SYL | J101: 200 | K101: 9 | L101: =K101/J101 -> 0.045 | M101: 6 | N101: 3 | Q101: =VLOOKUP(H:H,'[1]雷雕處遮蔽&艾仕得8844'!$A:$C,3,0) -> NA
C102: 45665 | D102: =RIGHT(I102,3) -> P3A | E102: =VLOOKUP(D:D,工作表2!A:B,2,0) -> 建榮 | F102: =VLOOKUP(D:D,工作表2!A:C,3,0) -> 灰 | G102: 10232670 | H102: A30009K3T | I102: 5SNT000009XA0P3A | J102: 30 | K102: 9 | L102: =K102/J102 -> 0.3 | M102: 7 | N102: 2
C103: 45666 | D103: =RIGHT(I103,3) -> SYL | E103: =VLOOKUP(D:D,工作表2!A:B,2,0) -> 邦善 | F103: =VLOOKUP(D:D,工作表2!A:C,3,0) -> 藍 | G103: 10227999 | H103: A32592F0T | I103: 5OEG005976XAHSYL | J103: 532 | K103: 23 | L103: =K103/J103 -> 0.043233083 | M103: 18 | N103: 5
C104: 45666 | D104: =RIGHT(I104,3) -> QRB | E104: =VLOOKUP(D:D,工作表2!A:B,2,0) -> 邦善 | F104: =VLOOKUP(D:D,工作表2!A:C,3,0) -> 霧面黑 | G104: 10235655 | H104: A3252820T | I104: 5OEG006036XAHQRB | J104: 13300 | K104: 1056 | L104: =K104/J104 -> 0.079398496 | M104: 774 | N104: 84 | O104: 198
C105: 45666 | D105: =RIGHT(I105,3) -> QXR | E105: =VLOOKUP(D:D,工作表2!A:B,2,0) -> 邦善 | F105: =VLOOKUP(D:D,工作表2!A:C,3,0) -> 紅 | G105: 10235634 | H105: A3252890T | I105: 5OEG006036XAHQXR | J105: 1596 | K105: 216 | L105: =K105/J105 -> 0.13533835 | M105: 210 | N105: 6
C106: 45666 | D106: =RIGHT(I106,3) -> QXR | E106: =VLOOKUP(D:D,工作表2!A:B,2,0) -> 邦善 | F106: =VLOOKUP(D:D,工作表2!A:C,3,0) -> 紅 | G106: 10235635 | H106: A3252890T | I106: 5OEG006036XAHQXR | J106: 798 | K106: 72 | L106: =K106/J106 -> 0.090225564 | M106: 68 | N106: 4
...

Sheet 工作表2
A1: 1:邦善 | B1: 2.建榮 | C1: 3.敦陽 | F1: 霧面黑 | G1: 銀 | H1: 白 | I1: 灰 | J1: 紅 | K1: 黑 | L1: 藍 | M1: 綠 | N1: 金 | O1: 棕 | P1: 黃 | Q1: 紫 | R1: 橘
A2: 76S | B2: 敦陽 | C2: 銀 | D2: PT00047500T
A3: 4PW | B3: 敦陽 | C3: 白 | D3: PT00001700T
A4: 4VW | B4: 建榮 | C4: 白 | D4: PT00002100T
A5: 75W | B5: 敦陽 | C5: 白 | D5: PT00047400T
A6: 76S | B6: 敦陽 | C6: 銀 | D6: PT00047500T
A7: 78A | B7: 敦陽 | C7: 灰 | D7: PT00047600T
A8: 88S | B8: 敦陽 | C8: 銀 | D8: PT00048000T
A9: 9DB | B9: 敦陽 | C9: 黑 | D9: PT00015200T
A10: AAW | B10: 邦善 | C10: 白 | D10: PT00000800T
A11: FHW | B11: 建榮 | C11: 白 | D11: PT00050000T
A12: HSS | B12: 邦善 | C12: 銀 | D12: PT00111600T
A13: HUR | B13: 建榮 | C13: 紅 | D13: PT00111700T
... A59: HSS | B59: 邦善 | C59: 銀 | D59: PT00111600T
A60: A0T | B60: 建榮 | C60: 底漆
A61: MUB | B61: 邦善 | C61: 黑 | D61: PT00109500T
A62: QEN | B62: 邦善 | C62: 棕 | D62: PT00128600T
A63: V9L | B63: 邦善 | C63: 藍 | D63: PT00154100T
A64: 2US | B64: 建榮 | C64: 銀 | D64: PT00006700T
A65: M2W | B65: 邦善 | C65: 白 | D65: PT00105700T
A66: 71A | B66: 敦陽 | C66: 灰 | D66: PT00003000T
A67: CCA | B67: 邦善 | C67: 灰 | D67: PT00030800T
A68: 39A | B68: 敦陽 | C68: 灰 | D68: =VLOOKUP(A68,[1]色碼對照!$G:$I,3,0) -> #N/A
A69: 4BB | B69: 敦陽 | C69: 黑 | D69: =VLOOKUP(A69,[1]色碼對照!$G:$I,3,0) -> #N/A
A70: 7FB | B70: 邦善 | C70: 黑 | D70: =VLOOKUP(A70,[1]色碼對照!$G:$I,3,0) -> #N/A
A71: ACS | B71: 建榮 | C71: 銀 | D71: =VLOOKUP(A71,[1]色碼對照!$G:$I,3,0) -> #N/A
A72: 6XB | B72: 邦善 | C72: 霧面黑 | D72: =VLOOKUP(A72,[1]色碼對照!$G:$I,3,0) -> #N/A
A73: BBB | B73: 邦善 | C73: 霧面黑 | D73: =VLOOKUP(A73,[1]色碼對照!$G:$I,3,0) -> #N/A
A74: HDL | B74: 邦善 | C74: 藍 | D74: =VLOOKUP(A74,[1]色碼對照!$G:$I,3,0) -> #N/A
A75: QRB | B75: 邦善 | C75: 霧面黑
A76: 31B | B76: 建榮 | C76: 黑
A77: EEA | B77: 建榮 | C77: 灰
A78: N4L | B78: 邦善 | C78: 藍
A79: 09B | B79: 邦善 | C79: 黑
A80: VLS | B80: 邦善 | C80: 銀
A81: NJR | B81: 邦善 | C81: 紅
A82: S3B | B82: 邦善 | C82: 黑
A83: VBR | B83: 邦善 | C83: 紅
A84: QUW | B84: 邦善 | C84: 白
A85: QXR | B85: 邦善 | C85: 紅
A86: TZB | B86: 邦善 | C86: 黑
... A270: PTS | B270: 邦善 | C270: 灰

Sheet 工作表3
A2: PT00000800T | B2: 邦善
A3: PT00001700T | B3: 敦陽
A4: PT00002100T | B4: 建榮
A5: PT00015200T | B5: 敦陽
A6: PT00047400T | B6: 敦陽
A7: PT00047500T | B7: 敦陽
A8: PT00047600T | B8: 敦陽
A9: PT00048000T | B9: 敦陽
A10: PT00050000T | B10: 建榮
A11: PT00106000T | B11: 邦善
A12: PT00111600T | B12: 邦善
A13: PT00111700T | B13: 建榮
... A65: PT00055600T | B65: 邦善

Sheet 工作表1
C2: 漆廠 | D2: 顏色 | E2: 工單 | F2: 物料 | G2: 舊物料 | H2: 工單數量 | I2: 不良數 | J2: 總不良率 | K2: 砂礫 不良率 | L2: 毛屑 不良率
A3: 45811 | B3: S3B | C3: 邦善 | D3: 黑 | E3: 10263212 | F3: A32528G0T | G3: 5OEG006036XAHS3B | H3: 2128 | I3: 254 | J3: 0.1193609 | K3: 250 | L3: 4
A4: 45817 | B4: S3B | C4: 邦善 | D4: 黑 | E4: 10267029 | F4: A32528G0T | G4: 5OEG006036XAHS3B | H4: 2128 | I4: 123 | J4: 0.057800752 | K4: 117 | L4: 6
A5: 45828 | B5: S3B | C5: 邦善 | D5: 黑 | E5: 10263213 | F5: A32528G0T | G5: 5OEG006036XAHS3B | H5: 9044 | I5: 1031 | J5: 0.11399823 | K5: 1001 | L5: 30
B8: 底漆 | E8: 面漆 | H8: 金油
B9: 底漆型號 | C9: 硬化劑 | D9: 稀釋劑 | E9: 面漆型號 | F9: 硬化劑 | G9: 稀釋劑 | H9: 金油型號 | I9: 硬化劑 | J9: 稀釋劑 | K9: 溫度℃ | L9: 濕度%
A10: 45811 | B10: 840RVS5 | C10: 845R | D10: AU370 | E10: NH-547 | F10: AK260 | G10: AB385 | H10: G27800 | I10: XB387 | J10: AK261 | K10: 29.9 | L10: 58
A11: 45817 | B11: 840RVS5 | C11: 845R | D11: AU370 | E11: NH-547 | F11: AK260 | G11: AB385 | H11: G27800 | I11: XB387 | J11: AK261 | K11: 30.9 | L11: 67
A12: 45828 | B12: 840RVS5 | C12: 845R | D12: AU370 | E12: NH-547 | F12: AK260 | G12: AB385 | H12: G27800 | I12: XB387 | J12: AK261 | K12: 29.8 | L12: 59

Sheet 工作表4
B1: 底漆 | E1: 面漆 | I1: 金油
B2: 底漆型號 | C2: 硬化劑 | D2: 稀釋劑 | E2: 面漆型號 | F2: 用量g | G2: 硬化劑 | H2: 稀釋劑 | I2: 金油型號 | J2: 硬化劑 | K2: 稀釋劑
A3: 45811 | B3: 840RVS5 | C3: 845R | D3: AU370 | E3: NH-547 | F3: 400 | G3: AK260 | H3: AB385 | I3: G27800 | J3: AK261 | K3: XB387
A4: 45817 | B4: 840RVS5 | C4: 845R | D4: AU370 | E4: NH-547 | F4: 600 | G4: AK260 | H4: AB385 | I4: G27800 | J4: AK261 | K4: XB387
A5: 45828 | B5: 840RVS5 | C5: 845R | D5: AU370 | E5: NH-547 | F5: 2300 | G5: AK260 | H5: AB385 | I5: G27800 | J5: AK261 | K5: XB387
A9: 45846 | B9: 45847 | C9: UUS | D9: 邦善 | E9: 銀 | F9: 10264802 | G9: A3266490T | H9: 5PPG006948XA0UUS | I9: 120 | J9: 1 | K9: 0.0083333333 | L9: 1 | M9: E1*40 | R9: 4826
A10: 45846 | B10: 45848 | C10: UUS | D10: 邦善 | E10: 銀 | F10: 10263296 | G10: A32977A0T | H10: 5PPG007034XA0UUS | I10: 160 | J10: 4 | K10: 0.025 | L10: 4 | M10: E1*40 | R10: 5223
A11: 45846 | B11: 45848 | C11: UUS | D11: 邦善 | E11: 銀 | F11: 10263297 | G11: A32981A0T | H11: 5PPG007039XA0UUS | I11: 200 | J11: 3 | K11: 0.015 | L11: 3 | M11: E1*40 | R11: 5228
A12: 45847 | B12: 45848 | C12: UUS | D12: 邦善 | E12: 銀 | F12: 10269091 | G12: A32474N0T | H12: 5PPG105301XC0UUS | I12: 1742 | J12: 110 | K12: 0.063145809 | L12: 98 | M12: E1*40 | N12: 12 | R12: 5301
A13: 45847 | B13: 45849 | C13: UUS | D13: 邦善 | E13: 銀 | F13: 10269136 | G13: A32801A0T | H13: 5PPG007029XA0UUS | I13: 280 | J13: 17 | K13: 0.060714286 | L13: 15 | M13: E1*40 | N13: 2 | R13: 5103
A14: 45847 | B14: 45849 | C14: UUS | D14: 邦善 | E14: 銀 | F14: 10264893 | G14: A32976A0T | H14: 5PPG007037XA0UUS | I14: 200 | J14: 9 | K14: 0.045 | L14: 7 | M14: E1*40 | N14: 2 | R14: 5226
A15: 45847 | B15: 45850 | C15: UUS | D15: 邦善 | E15: 銀 | F15: 10263243 | G15: A32799A0T | H15: 5PPG007025XA0UUS | I15: 240 | J15: 30 | K15: 0.125 | L15: 25 | M15: E1*40 | N15: 5 | R15: 5099
A16: 45847 | B16: 45850 | C16: UUS | D16: 邦善 | E16: 銀 | F16: 10267894 | G16: A32799A0T | H16: 5PPG007025XA0UUS | I16: 280 | J16: 35 | K16: 0.125 | L16: 15 | M16: E1*40 | N16: 5 | R16: 5099
A17: 45847 | B17: 45850 | C17: UUS | D17: 邦善 | E17: 銀 | F17: 10264894 | G17: A32981A0T | H17: 5PPG007039XA0UUS | I17: 280 | J17: 17 | K17: 0.060714286 | L17: 15 | M17: E1*40 | N17: 2 | R17: 5228
A24: 45980 | B24: 0.63333333 | C24: 45982 | D24: RCA | E24: 邦善 | F24: 灰 | G24: 10296759 | H24: A32592C0T | I24: 5OEG005976XAHRCA | J24: 266 | K24: 28 | L24: 0.10526316 | M24: 23 | N24: 5 | P24: E4.5關(排風全開)、E2E3後段40 | Q24: 0
A25: 45981 | B25: 0.6375 | C25: 45982 | D25: SYL | E25: 邦善 | F25: 藍 | G25: 10296764 | H25: A32592F0T | I25: 5OEG005976XAHSYL | J25: 532 | K25: 31 | L25: 0.058270677 | M25: 25 | N25: 6 | P25: E4.5關(排風全開)、E2E3後段40 | Q25: 0
A26: 45980 | B26: 0.63402778 | C26: 45982 | D26: SZR | E26: 邦善 | F26: 紅 | G26: 10296762 | H26: A32592D0T | I26: 5OEG005976XAHSZR | J26: 532 | K26: 47 | L26: 0.088345865 | M26: 40 | N26: 7 | P26: E4.5關(排風全開)、E2E3後段40 | Q26: 0
A27: 45980 | B27: 0.47638889 | C27: 45982 | D27: RZG | E27: 邦善 | F27: 綠 | G27: 10296744 | H27: A32528C0T | I27: 5OEG006036XAHRZG | J27: 3192 | K27: 167 | L27: 0.052318296 | M27: 155 | N27: 12 | P27: E4.5關(排風全開)、E2E3後段40 | Q27: 0
A28: 45981 | B28: 0.59861111 | C28: 45982 | D28: U3L | E28: 邦善 | F28: 藍 | G28: 10296740 | H28: A3252871T | I28: 5OEG006036XAHU3L | J28: 2926 | K28: 80 | L28: 0.02734108 | M28: 70 | N28: 10 | P28: E4.5關(排風全開)、E2E3後段40 | Q28: 0
A29: 45981 | B29: 0.61319444 | C29: 45982 | D29: WZL | E29: 邦善 | F29: 銀 | G29: 10296739 | H29: A3252822T | I29: 5OEG006036XAHWZL | J29: 2394 | K29: 138 | L29: 0.05764411 | M29: 120 | N29: 18 | P29: E4.5關(排風全開)、E2E3後段40 | Q29: 0
A30: 45980 | B30: 0.54166667 | C30: 45982 | D30: TZB | E30: 邦善 | F30: 黑 | G30: 10301729 | H30: A3323770T | I30: 5OEG006037XAHTZB | J30: 266 | K30: 17 | L30: 0.063909774 | M30: 15 | N30: 2 | P30: E4.5關(排風全開)、E2E3後段40 | Q30: 0
A31: 45981 | B31: 0.62083333 | C31: 45982 | D31: WZL | E31: 邦善 | F31: 銀 | G31: 10301667 | H31: A3323720T | I31: 5OEG006037XAHWZL | J31: 532 | K31: 30 | L31: 0.056390977 | M31: 20 | N31: 10 | P31: E4.5關(排風全開)、E2E3後段40 | Q31: 0
