Workbook

Sheet 塗裝各項不良率-明細
A2: 2026/1/7底漆前烘烤，無E1輸送帶
A3: 噴塗日 | B3: 噴塗 時間 | C3: 檢查日 | D3: 顏色 代碼 | E3: 漆廠 | F3: 顏色 | G3: 工單 | H3: 物料 | I3: 舊物料 | J3: 工單數量 | K3: 不良數 | L3: 總不良率 | M3: 砂礫 | N3: 毛屑 | O3: 白點 | P3: 備註 | Q3: 備註 右(R) 左(L) | R3: 來料不良 | S3: 流漆 | T3: 遮蔽治具噴飛 | U3: 其他不良 | V3: 色差 | W3: 翻車不良 | X3: 針孔 | Y3: 凹痕 | Z3: 元件
A4: 46387 | B4: 0.39027778 | C4: 46024 | D4: =RIGHT(I4,3) -> VLS | E4: =VLOOKUP(D:D,工作表2!A:B,2,0) -> 邦善 | F4: =VLOOKUP(D:D,工作表2!A:C,3,0) -> 銀 | G4: 10309279 | H4: A32528Y1T | I4: 5OEG006036XAHVLS | J4: 3458 | K4: 73 | L4: =K4/J4 -> 0.021110468 | M4: 50 | N4: 23 | P4: E4.5關(排風全開)、E2E3後段40
A5: 46387 | B5: 0.43680556 | C5: 46024 | D5: =RIGHT(I5,3) -> VWL | E5: =VLOOKUP(D:D,工作表2!A:B,2,0) -> 邦善 | F5: =VLOOKUP(D:D,工作表2!A:C,3,0) -> 藍 | G5: 10309278 | H5: A32528X1T | I5: 5OEG006036XAHVWL | J5: 266 | K5: 24 | L5: =K5/J5 -> 0.090225564 | M5: 14 | N5: 10 | P5: E4.5關(排風全開)、E2E3後段40
A6: 46387 | B6: 0.42986111 | C6: 46024 | D6: =RIGHT(I6,3) -> VXW | E6: =VLOOKUP(D:D,工作表2!A:B,2,0) -> 邦善 | F6: =VLOOKUP(D:D,工作表2!A:C,3,0) -> 白 | G6: 10309280 | H6: A32528Z1T | I6: 5OEG006036XAHVXW | J6: 798 | K6: 25 | L6: =K6/J6 -> 0.031328321 | M6: 15 | N6: 10 | P6: E4.5關(排風全開)、E2E3後段40
A7: 46387 | B7: 0.40138889 | C7: 46024 | D7: =RIGHT(I7,3) -> WZL | E7: =VLOOKUP(D:D,工作表2!A:B,2,0) -> 邦善 | F7: =VLOOKUP(D:D,工作表2!A:C,3,0) -> 銀 | G7: 10309313 | H7: A3252822T | I7: 5OEG006036XAHWZL | J7: 5054 | K7: 283 | L7: =K7/J7 -> 0.055995251 | M7: 250 | N7: 33 | P7: E4.5關(排風全開)、E2E3後段40
A8: 46387 | B8: 0.42916667 | C8: 46024 | D8: =RIGHT(I8,3) -> X8A | E8: =VLOOKUP(D:D,工作表2!A:B,2,0) -> 邦善 | F8: =VLOOKUP(D:D,工作表2!A:C,3,0) -> 灰 | G8: 10309268 | H8: A3252842T | I8: 5OEG006036XAHX8A | J8: 266 | K8: 55 | L8: =K8/J8 -> 0.20676692 | M8: 35 | N8: 20 | P8: E4.5關(排風全開)、E2E3後段40
A9: 46374 | B9: 0.63333333 | C9: 46027 | D9: =RIGHT(I9,3) -> 75W | E9: =VLOOKUP(D:D,工作表2!A:B,2,0) -> 敦陽 | F9: =VLOOKUP(D:D,工作表2!A:C,3,0) -> 白 | G9: 10309165 | H9: A3221710T | I9: 5PPG105480XA075W | J9: 238 | K9: 50 | L9: =K9/J9 -> 0.21008403 | M9: 38 | N9: 12 | P9: E4.5關(排風全開)、E2E3後段40 | Q9: 0度頭蓋
A10: 46024 | B10: 0.63680556 | C10: 46027 | D10: =RIGHT(I10,3) -> SZR | E10: =VLOOKUP(D:D,工作表2!A:B,2,0) -> 邦善 | F10: =VLOOKUP(D:D,工作表2!A:C,3,0) -> 紅 | G10: 10310881 | H10: A32592D0T | I10: 5OEG005976XAHSZR | J10: 266 | K10: 29 | L10: =K10/J10 -> 0.10902256 | M10: 21 | N10: 8 | P10: E4.5關(排風全開)、E2E3後段40
A11: 46024 | B11: 0.38263889 | C11: 46027 | D11: =RIGHT(I11,3) -> QRB | E11: =VLOOKUP(D:D,工作表2!A:B,2,0) -> 邦善 | F11: =VLOOKUP(D:D,工作表2!A:C,3,0) -> 霧面黑 | G11: 10309233 | H11: A3252820T | I11: 5OEG006036XAHQRB | J11: 17822 | K11: 900 | L11: =K11/J11 -> 0.050499383 | M11: 577 | N11: 282 | O11: 41 | P11: E4.5關(排風全開)、E2E3後段40
A12: 46385 | B12: 0.45833333 | C12: 46027 | D12: =RIGHT(I12,3) -> N8B | E12: =VLOOKUP(D:D,工作表2!A:B,2,0) -> 邦善 | F12: =VLOOKUP(D:D,工作表2!A:C,3,0) -> 霧面黑 | G12: 10304228 | H12: A3228650T | I12: 5OET005693XCHN8B | J12: 4522 | K12: 90 | L12: =K12/J12 -> 0.019902698 | M12: 80 | N12: 10 | P12: E4.5關(排風全開)、E2E3後段40
A13: 46381 | B13: 0.57847222 | C13: 46027 | D13: =RIGHT(I13,3) -> 75W | E13: =VLOOKUP(D:D,工作表2!A:B,2,0) -> 敦陽 | F13: =VLOOKUP(D:D,工作表2!A:C,3,0) -> 白 | G13: 10309167 | H13: A3225070T | I13: 5OET005831XAH75W | J13: 72 | K13: 8 | L13: =K13/J13 -> 0.11111111 | M13: 6 | N13: 2 | P13: E4.5關(排風全開)、E2E3後段40
A14: 46381 | B14: 0.57638889 | C14: 46027 | D14: =RIGHT(I14,3) -> 78A | E14: =VLOOKUP(D:D,工作表2!A:B,2,0) -> 敦陽 | F14: =VLOOKUP(D:D,工作表2!A:C,3,0) -> 灰 | G14: 10309180 | H14: A32250A0T | I14: 5OET005831XAH78A | J14: 30 | K14: 0 | L14: =K14/J14 -> 0 | P14: E4.5關(排風全開)、E2E3後段40
A15: 46381 | B15: 0.58263889 | C15: 46027 | D15: =RIGHT(I15,3) -> QDW | E15: =VLOOKUP(D:D,工作表2!A:B,2,0) -> 邦善 | F15: =VLOOKUP(D:D,工作表2!A:C,3,0) -> 白 | G15: 10304227 | H15: A32250S0T | I15: 5OET005831XAHQDW | J15: 144 | K15: 12 | L15: =K15/J15 -> 0.083333333 | M15: 10 | N15: 2 | P15: E4.5關(排風全開)、E2E3後段40
A16: 46375 | B16: 0.57152778 | C16: 46027 | D16: =RIGHT(I16,3) -> NGW | E16: =VLOOKUP(D:D,工作表2!A:B,2,0) -> 邦善 | F16: =VLOOKUP(D:D,工作表2!A:C,3,0) -> 白 | G16: 10302945 | H16: A3271530T | I16: 5PPG006944XA0NGW | J16: 480 | K16: 28 | L16: =K16/J16 -> 0.058333333 | M16: 18 | N16: 10 | P16: E4.5關(排風全開)、E2E3後段40 | Q16: L
A17: 46385 | B17: 0.55694444 | C17: 46027 | D17: =RIGHT(I17,3) -> NGW | E17: =VLOOKUP(D:D,工作表2!A:B,2,0) -> 邦善 | F17: =VLOOKUP(D:D,工作表2!A:C,3,0) -> 白 | G17: 10302947 | H17: A3279810T | I17: 5PPG007024XA0NGW | J17: 600 | K17: 73 | L17: =K17/J17 -> 0.12166667 | M17: 61 | N17: 12 | P17: E4.5關(排風全開)、E2E3後段40 | Q17: L
A18: 46385 | B18: 0.54375 | C18: 46027 | D18: =RIGHT(I18,3) -> NGW | E18: =VLOOKUP(D:D,工作表2!A:B,2,0) -> 邦善 | F18: =VLOOKUP(D:D,工作表2!A:C,3,0) -> 白 | G18: 10302948 | H18: A3279910T | I18: 5PPG007025XA0NGW | J18: 560 | K18: 57 | L18: =K18/J18 -> 0.10178571 | M18: 40 | N18: 17 | P18: E4.5關(排風全開)、E2E3後段40 | Q18: R
A19: 46381 | B19: 0.56666667 | C19: 46027 | D19: =RIGHT(I19,3) -> 78A | E19: =VLOOKUP(D:D,工作表2!A:B,2,0) -> 敦陽 | F19: =VLOOKUP(D:D,工作表2!A:C,3,0) -> 灰 | G19: 10309179 | H19: A3221740T | I19: 5PPG105480XA078A | J19: 134 | K19: 15 | L19: =K19/J19 -> 0.1119403 | M19: 12 | N19: 3 | P19: E4.5關(排風全開)、E2E3後段40 | Q19: 0度頭蓋
A20: 46381 | B20: 0.56805556 | C20: 46027 | D20: =RIGHT(I20,3) -> QDW | E20: =VLOOKUP(D:D,工作表2!A:B,2,0) -> 邦善 | F20: =VLOOKUP(D:D,工作表2!A:C,3,0) -> 白 | G20: 10304224 | H20: A32217L0T | I20: 5PPG105480XA0QDW | J20: 134 | K20: 14 | L20: =K20/J20 -> 0.10447761 | M20: 10 | N20: 4 | P20: E4.5關(排風全開)、E2E3後段40 | Q20: 0度頭蓋
A21: 46027 | B21: 0.38194444 | C21: 46028 | D21: =RIGHT(I21,3) -> QRB | E21: =VLOOKUP(D:D,工作表2!A:B,2,0) -> 邦善 | F21: =VLOOKUP(D:D,工作表2!A:C,3,0) -> 霧面黑 | G21: 10309228 | H21: A3252820T | I21: 5OEG006036XAHQRB | J21: 25802 | K21: 1214 | L21: =K21/J21 -> 0.047050616 | M21: 785 | N21: 405 | O21: 24 | P21: E4.5關(排風全開)、E2E3後段40
A22: 46024 | B22: 0.45277778 | C22: 46028 | D22: =RIGHT(I22,3) -> S3B | E22: =VLOOKUP(D:D,工作表2!A:B,2,0) -> 邦善 | F22: =VLOOKUP(D:D,工作表2!A:C,3,0) -> 黑 | G22: 10309255 | H22: A32528G0T | I22: 5OEG006036XAHS3B | J22: 5586 | K22: 529 | L22: =K22/J22 -> 0.094701038 | M22: 370 | N22: 159 | P22: E4.5關(排風全開)、E2E3後段40
A23: 46027 | B23: 0.59305556 | C23: 46028 | D23: =RIGHT(I23,3) -> NGW | E23: =VLOOKUP(D:D,工作表2!A:B,2,0) -> 邦善 | F23: =VLOOKUP(D:D,工作表2!A:C,3,0) -> 白 | G23: 10304243 | H23: A3266410T | I23: 5PPG006948XA0NGW | J23: 320 | K23: 27 | L23: =K23/J23 -> 0.084375 | M23: 19 | N23: 8 | P23: E4.5關(排風全開)、E2E3後段40 | Q23: R
A24: 46024 | B24: 0.54583333 | C24: 46028 | D24: =RIGHT(I24,3) -> NGW | E24: =VLOOKUP(D:D,工作表2!A:B,2,0) -> 邦善 | F24: =VLOOKUP(D:D,工作表2!A:C,3,0) -> 白 | G24: 10304254 | H24: A3298020T | I24: 5PPG007038XA0NGW | J24: 520 | K24: 27 | L24: =K24/J24 -> 0.051923077 | M24: 23 | N24: 4 | P24: E4.5關(排風全開)、E2E3後段40
A25: 46024 | B25: 0.54583333 | C25: 46028 | D25: =RIGHT(I25,3) -> RRA | E25: =VLOOKUP(D:D,工作表2!A:B,2,0) -> 邦善 | F25: =VLOOKUP(D:D,工作表2!A:C,3,0) -> 灰 | G25: 10304255 | H25: A3298150T | I25: 5PPG007039XA0RRA | J25: 560 | K25: 24 | L25: =K25/J25 -> 0.042857143 | M25: 20 | N25: 4 | P25: E4.5關(排風全開)、E2E3後段40
A26: 46024 | B26: 0.62638889 | C26: 46028 | D26: =RIGHT(I26,3) -> 76S | E26: =VLOOKUP(D:D,工作表2!A:B,2,0) -> 敦陽 | F26: =VLOOKUP(D:D,工作表2!A:C,3,0) -> 銀 | G26: 10309166 | H26: A3221730T | I26: 5PPG105480XA076S | J26: 134 | K26: 11 | L26: =K26/J26 -> 0.082089552 | M26: 8 | N26: 3 | P26: E4.5關(排風全開)、E2E3後段40 | Q26: 0度頭蓋
A27: 46024 | B27: 0.63125 | C27: 46028 | D27: =RIGHT(I27,3) -> 39A | E27: =VLOOKUP(D:D,工作表2!A:B,2,0) -> 敦陽 | F27: =VLOOKUP(D:D,工作表2!A:C,3,0) -> 灰 | G27: 10305406 | H27: A30003E0T | I27: 5SNT000003XA039A | J27: 30 | K27: 9 | L27: =K27/J27 -> 0.3 | M27: 7 | N27: 2 | P27: E4.5關(排風全開)、E2E3後段40
A28: 46027 | B28: 0.62152778 | C28: 46029 | D28: =RIGHT(I28,3) -> N9B | E28: =VLOOKUP(D:D,工作表2!A:B,2,0) -> 邦善 | F28: =VLOOKUP(D:D,工作表2!A:C,3,0) -> 黑 | G28: 10311375 | H28: A32592B0T | I28: 5OEG005976XAHN9B | J28: 266 | K28: 25 | L28: =K28/J28 -> 0.093984962 | M28: 15 | N28: 10 | P28: E4.5關(排風全開)、E2E3後段40
A29: 46027 | B29: 0.47708333 | C29: 46029 | D29: =RIGHT(I29,3) -> NBB | E29: =VLOOKUP(D:D,工作表2!A:B,2,0) -> 邦善 | F29: =VLOOKUP(D:D,工作表2!A:C,3,0) -> 霧面黑 | G29: 10304238 | H29: A3259220T | I29: 5OEG005976XAHNBB | J29: 798 | K29: 20 | L29: =K29/J29 -> 0.025062657 | M29: 15 | N29: 5 | P29: E4.5關(排風全開)、E2E3後段40
A30: 46027 | B30: 0.47430556 | C30: 46029 | D30: =RIGHT(I30,3) -> PLB | E30: =VLOOKUP(D:D,工作表2!A:B,2,0) -> 邦善 | F30: =VLOOKUP(D:D,工作表2!A:C,3,0) -> 霧面黑 | G30: 10309185 | H30: A32592G0T | I30: 5OEG005976XAHPLB | J30: 1064 | K30: 25 | L30: =K30/J30 -> 0.023496241 | M30: 20 | N30: 5 | P30: E4.5關(排風全開)、E2E3後段40
A31: 46027 | B31: 0.57222222 | C31: 46029 | D31: =RIGHT(I31,3) -> Q9B | E31: =VLOOKUP(D:D,工作表2!A:B,2,0) -> 邦善 | F31: =VLOOKUP(D:D,工作表2!A:C,3,0) -> 黑 | G31: 10304651 | H31: A3259270T | I31: 5OEG005976XAHQ9B | J31: 1596 | K31: 159 | L31: =K31/J31 -> 0.09962406 | M31: 119 | N31: 40 | P31: E4.5關(排風全開)、E2E3後段40
A32: 46024 | B32: 0.63333333 | C32: 46029 | D32: =RIGHT(I32,3) -> UUS | E32: =VLOOKUP(D:D,工作表2!A:B,2,0) -> 邦善 | F32: =VLOOKUP(D:D,工作表2!A:C,3,0) -> 銀 | G32: 10304242 | H32: A32592T0T | I32: 5OEG005976XAHUUS | J32: 1330 | K32: 101 | L32: =K32/J32 -> 0.07593985 | M32: 89 | N32: 12 | P32: E4.5關(排風全開)、E2E3後段40
A33: 46027 | B33: 0.53055556 | C33: 46029 | D33: =RIGHT(I33,3) -> NBB | E33: =VLOOKUP(D:D,工作表2!A:B,2,0) -> 邦善 | F33: =VLOOKUP(D:D,工作表2!A:C,3,0) -> 霧面黑 | G33: 10304231 | H33: A32286N0T | I33: 5OET005693XCHNBB | J33: 1596 | K33: 17 | L33: =K33/J33 -> 0.010651629 | M33: 14 | N33: 3 | P33: E4.5關(排風全開)、E2E3後段40
A34: 46027 | B34: 0.58125 | C34: 46029 | D34: =RIGHT(I34,3) -> NEA | E34: =VLOOKUP(D:D,工作表2!A:B,2,0) -> 邦善 | F34: =VLOOKUP(D:D,工作表2!A:C,3,0) -> 灰 | G34: 10305413 | H34: A3228630T | I34: 5OET005693XCHNEA | J34: 532 | K34: 42 | L34: =K34/J34 -> 0.078947368 | M34: 32 | N34: 10 | P34: E4.5關(排風全開)、E2E3後段40
A35: 46027 | B35: 0.58402778 | C35: 46029 | D35: =RIGHT(I35,3) -> NXW | E35: =VLOOKUP(D:D,工作表2!A:B,2,0) -> 邦善 | F35: =VLOOKUP(D:D,工作表2!A:C,3,0) -> 白 | G35: 10304230 | H35: A32286G0T | I35: 5OET005693XCHNXW | J35: 420 | K35: 22 | L35: =K35/J35 -> 0.052380952 | M35: 17 | N35: 5 | P35: E4.5關(排風全開)、E2E3後段40
A36: 46027 | B36: 0.57916667 | C36: 46029 | D36: =RIGHT(I36,3) -> VPL | E36: =VLOOKUP(D:D,工作表2!A:B,2,0) -> 邦善 | F36: =VLOOKUP(D:D,工作表2!A:C,3,0) -> 藍 | G36: 10304229 | H36: A32286A1T | I36: 5OET005693XCHVPL | J36: 798 | K36: 42 | L36: =K36/J36 -> 0.052631579 | M36: 35 | N36: 7 | P36: E4.5關(排風全開)、E2E3後段40
A37: 46027 | B37: 0.62291667 | C37: 46029 | D37: =RIGHT(I37,3) -> WNS | E37: =VLOOKUP(D:D,工作表2!A:B,2,0) -> 邦善 | F37: =VLOOKUP(D:D,工作表2!A:C,3,0) -> 銀 | G37: 10310307 | H37: A3225022T | I37: 5OET005831XAHWNS | J37: 40 | K37: 5 | L37: =K37/J37 -> 0.125 | M37: 3 | N37: 2 | P37: E4.5關(排風全開)、E2E3後段40
A38: 46028 | B38: 0.61805556 | C38: 46029 | D38: =RIGHT(I38,3) -> NGW | E38: =VLOOKUP(D:D,工作表2!A:B,2,0) -> 邦善 | F38: =VLOOKUP(D:D,工作表2!A:C,3,0) -> 白 | G38: 10304245 | H38: A3280010T | I38: 5PPG007028XA0NGW | J38: 560 | K38: 77 | L38: =K38/J38 -> 0.1375 | M38: 50 | N38: 27 | P38: E4.5關(排風全開)、E2E3後段40 | Q38: L
A39: 46027 | B39: 0.58680556 | C39: 46029 | D39: =RIGHT(I39,3) -> RRA | E39: =VLOOKUP(D:D,工作表2!A:B,2,0) -> 邦善 | F39: =VLOOKUP(D:D,工作表2!A:C,3,0) -> 灰 | G39: 10304253 | H39: A3297950T | I39: 5PPG007033XA0RRA | J39: 240 | K39: 24 | L39: =K39/J39 -> 0.1 | M39: 20 | N39: 4 | P39: E4.5關(排風全開)、E2E3後段40
A40: 46024 | B40: 0.57916667 | C40: 46029 | D40: =RIGHT(I40,3) -> SYL | E40: =VLOOKUP(D:D,工作表2!A:B,2,0) -> 邦善 | F40: =VLOOKUP(D:D,工作表2!A:C,3,0) -> 藍 | G40: 10304250 | H40: A3297770T | I40: 5PPG007034XA0SYL | J40: 240 | K40: 6 | L40: =K40/J40 -> 0.025 | M40: 4 | N40: 2 | P40: E4.5關(排風全開)、E2E3後段40
A41: 46024 | B41: 0.5375 | C41: 46029 | D41: =RIGHT(I41,3) -> NGW | E41: =VLOOKUP(D:D,工作表2!A:B,2,0) -> 邦善 | F41: =VLOOKUP(D:D,工作表2!A:C,3,0) -> 白 | G41: 10304248 | H41: A3297520T | I41: 5PPG007036XA0NGW | J41: 400 | K41: 29 | L41: =K41/J41 -> 0.0725 | M41: 17 | N41: 3 | P41: E4.5關(排風全開)、E2E3後段40、內圍毛邊 | Q41: R | R41: 9
A42: 46024 | B42: 0.56111111 | C42: 46029 | D42: =RIGHT(I42,3) -> NGW | E42: =VLOOKUP(D:D,工作表2!A:B,2,0) -> 邦善 | F42: =VLOOKUP(D:D,工作表2!A:C,3,0) -> 白 | G42: 10304249 | H42: A3297620T | I42: 5PPG007037XA0NGW | J42: 240 | K42: 18 | L42: =K42/J42 -> 0.075 | M42: 13 | N42: 5 | P42: E4.5關(排風全開)、E2E3後段40 | Q42: L
A43: 46027 | B43: 0.62569444 | C43: 46029 | D43: =RIGHT(I43,3) -> 2US | E43: =VLOOKUP(D:D,工作表2!A:B,2,0) -> 建榮 | F43: =VLOOKUP(D:D,工作表2!A:C,3,0) -> 銀 | G43: 10310321 | H43: A3000213T | I43: 5SNT000002XA02US | J43: 50 | K43: 6 | L43: =K43/J43 -> 0.12 | M43: 4 | N43: 2 | P43: E4.5關(排風全開)、E2E3後段40
A44: 46024 | B44: 0.63888889 | C44: 46029 | D44: =RIGHT(I44,3) -> 2US | E44: =VLOOKUP(D:D,工作表2!A:B,2,0) -> 建榮 | F44: =VLOOKUP(D:D,工作表2!A:C,3,0) -> 銀 | G44: 10309174 | H44: A3000213T | I44: 5SNT000002XA02US | J44: 30 | K44: 5 | L44: =K44/J44 -> 0.16666667 | M44: 4 | N44: 1 | P44: E4.5關(排風全開)、E2E3後段40
A45: 46027 | B45: 0.625 | C45: 46029 | D45: =RIGHT(I45,3) -> WNS | E45: =VLOOKUP(D:D,工作表2!A:B,2,0) -> 邦善 | F45: =VLOOKUP(D:D,工作表2!A:C,3,0) -> 銀 | G45: 10310314 | H45: A30007BAT | I45: 5SNT000007XA0WNS | J45: 40 | K45: 1 | L45: =K45/J45 -> 0.025 | M45: 1 | P45: E4.5關(排風全開)、E2E3後段40
A46: 46027 | B46: 0.47708333 | C46: 46030 | D46: =RIGHT(I46,3) -> NBB | E46: =VLOOKUP(D:D,工作表2!A:B,2,0) -> 邦善 | F46: =VLOOKUP(D:D,工作表2!A:C,3,0) -> 霧面黑 | G46: 10305410 | H46: A3259220T | I46: 5OEG005976XAHNBB | J46: 2128 | K46: 55 | L46: =K46/J46 -> 0.025845865 | M46: 40 | N46: 15 | P46: E4.5關(排風全開)、E2E3後段40
A47: 46028 | B47: 0.53541667 | C47: 46030 | D47: =RIGHT(I47,3) -> NCB | E47: =VLOOKUP(D:D,工作表2!A:B,2,0) -> 邦善 | F47: =VLOOKUP(D:D,工作表2!A:C,3,0) -> 黑 | G47: 10305412 | H47: A3259230T | I47: 5OEG005976XAHNCB | J47: 2660 | K47: 200 | L47: =K47/J47 -> 0.07518797 | M47: 150 | N47: 50 | P47: E4.5關(排風全開)、E2E3後段40
A48: 46028 | B48: 0.56319444 | C48: 46030 | D48: =RIGHT(I48,3) -> RCA | E48: =VLOOKUP(D:D,工作表2!A:B,2,0) -> 邦善 | F48: =VLOOKUP(D:D,工作表2!A:C,3,0) -> 灰 | G48: 10305414 | H48: A32592C0T | I48: 5OEG005976XAHRCA | J48: 266 | K48: 17 | L48: =K48/J48 -> 0.063909774 | M48: 12 | N48: 5 | P48: E4.5關(排風全開)、E2E3後段40
A49: 46029 | B49: 0.38611111 | C49: 46030 | D49: =RIGHT(I49,3) -> QRB | E49: =VLOOKUP(D:D,工作表2!A:B,2,0) -> 邦善 | F49: =VLOOKUP(D:D,工作表2!A:C,3,0) -> 霧面黑 | G49: 10309230 | H49: A3252820T | I49: 5OEG006036XAHQRB | J49: 25802 | K49: 1586 | L49: =K49/J49 -> 0.061468103 | M49: 1274 | N49: 300 | O49: 12 | P49: E4.5關(排風全開)、E2E3後段40
A50: 46028 | B50: 0.38194444 | C50: 46030 | D50: =RIGHT(I50,3) -> QRB | E50: =VLOOKUP(D:D,工作表2!A:B,2,0) -> 邦善 | F50: =VLOOKUP(D:D,工作表2!A:C,3,0) -> 霧面黑 | G50: 10309229 | H50: A3252820T | I50: 5OEG006036XAHQRB | J50: 25802 | K50: 1215 | L50: =K50/J50 -> 0.047089373 | M50: 1086 | N50: 129 | P50: E4.5關(排風全開)、E2E3後段40
A51: 46029 | B51: 0.52152778 | C51: 46030 | D51: =RIGHT(I51,3) -> XNA | E51: =VLOOKUP(D:D,工作表2!A:B,2,0) -> 邦善 | F51: =VLOOKUP(D:D,工作表2!A:C,3,0) -> 霧面灰 | G51: 10309272 | H51: A3252882T | I51: 5OEG006036XAHXNA | J51: 266 | K51: 23 | L51: =K51/J51 -> 0.086466165 | M51: 16 | N51: 7 | P51: E4.5關(排風全開)、E2E3後段40
A52: 46027 | B52: 0.53680556 | C52: 46030 | D52: =RIGHT(I52,3) -> N8B | E52: =VLOOKUP(D:D,工作表2!A:B,2,0) -> 邦善 | F52: =VLOOKUP(D:D,工作表2!A:C,3,0) -> 霧面黑 | G52: 10305411 | H52: A3228650T | I52: 5OET005693XCHN8B | J52: 3724 | K52: 47 | L52: =K52/J52 -> 0.012620838 | M52: 35 | N52: 12 | P52: E4.5關(排風全開)、E2E3後段40
A53: 46029 | B53: 0.59375 | C53: 46030 | D53: =RIGHT(I53,3) -> WNS | E53: =VLOOKUP(D:D,工作表2!A:B,2,0) -> 邦善 | F53: =VLOOKUP(D:D,工作表2!A:C,3,0) -> 銀 | G53: 10310304 | H53: A3221670T | I53: 5PPG006832XA0WNS | J53: 80 | K53: 19 | L53: =K53/J53 -> 0.2375 | M53: 14 | N53: 5 | P53: E4.5關(排風全開)、E2E3後段40 | Q53: 23度頭蓋
A54: 46028 | B54: 0.59236111 | C54: 46030 | D54: =RIGHT(I54,3) -> NGW | E54: =VLOOKUP(D:D,工作表2!A:B,2,0) -> 邦善 | F54: =VLOOKUP(D:D,工作表2!A:C,3,0) -> 白 | G54: 10304252 | H54: A3297920T | I54: 5PPG007033XA0NGW | J54: 560 | K54: 24 | L54: =K54/J54 -> 0.042857143 | M54: 19 | N54: 5 | P54: E4.5關(排風全開)、E2E3後段40
A55: 46028 | B55: 0.60486111 | C55: 46030 | D55: =RIGHT(I55,3) -> NGW | E55: =VLOOKUP(D:D,工作表2!A:B,2,0) -> 邦善 | F55: =VLOOKUP(D:D,工作表2!A:C,3,0) -> 白 | G55: 10304251 | H55: A3297820T | I55: 5PPG007035XA0NGW | J55: 530 | K55: 20 | L55: =K55/J55 -> 0.037735849 | M55: 15 | N55: 5 | P55: E4.5關(排風全開)、E2E3後段40
A56: 46028 | B56: 0.57152778 | C56: 46030 | D56: =RIGHT(I56,3) -> NGW | E56: =VLOOKUP(D:D,工作表2!A:B,2,0) -> 邦善 | F56: =VLOOKUP(D:D,工作表2!A:C,3,0) -> 白 | G56: 10305274 | H56: A3298120T | I56: 5PPG007039XA0NGW | J56: 840 | K56: 64 | L56: =K56/J56 -> 0.076190476 | M56: 44 | N56: 20 | P56: E4.5關(排風全開)、E2E3後段40
A57: 46030 | B57: 0.38680556 | C57: 46031 | D57: =RIGHT(I57,3) -> QRB | E57: =VLOOKUP(D:D,工作表2!A:B,2,0) -> 邦善 | F57: =VLOOKUP(D:D,工作表2!A:C,3,0) -> 霧面黑 | G57: 10309231 | H57: A3252820T | I57: 5OEG006036XAHQRB | J57: 25802 | K57: 1402 | L57: =K57/J57 -> 0.054336873 | M57: 1146 | N57: 249 | O57: 7 | P57: E4.5關(排風全開)、E2E3後段40
A58: 46029 | B58: 0.52291667 | C58: 46031 | D58: =RIGHT(I58,3) -> TXA | E58: =VLOOKUP(D:D,工作表2!A:B,2,0) -> 邦善 | F58: =VLOOKUP(D:D,工作表2!A:C,3,0) -> 灰 | G58: 10308449 | H58: A3252881T | I58: 5OEG006036XAHTXA | J58: 1862 | K58: 98 | L58: =K58/J58 -> 0.052631579 | M58: 60 | N58: 38 | P58: E4.5關(排風全開)、E2E3後段40
A59: 46029 | B59: 0.52847222 | C59: 46031 | D59: =RIGHT(I59,3) -> TXA | E59: =VLOOKUP(D:D,工作表2!A:B,2,0) -> 邦善 | F59: =VLOOKUP(D:D,工作表2!A:C,3,0) -> 灰 | G59: 10309153 | H59: A3323760T | I59: 5OEG006037XAHTXA | J59: 532 | K59: 72 | L59: =K59/J59 -> 0.13533835 | M59: 63 | N59: 9 | P59: E4.5關(排風全開)、E2E3後段40
A60: 46027 | B60: 0.62083333 | C60: 46031 | D60: =RIGHT(I60,3) -> BBB | E60: =VLOOKUP(D:D,工作表2!A:B,2,0) -> 邦善 | F60: =VLOOKUP(D:D,工作表2!A:C,3,0) -> 霧面黑 | G60: 10310327 | H60: A3270310T | I60: 5OEG006063XAHBBB | J60: 40 | K60: 1 | L60: =K60/J60 -> 0.025 | M60: 1 | P60: E4.5關(排風全開)、E2E3後段40
A61: 46029 | B61: 0.59722222 | C61: 46031 | D61: =RIGHT(I61,3) -> 75W | E61: =VLOOKUP(D:D,工作表2!A:B,2,0) -> 敦陽 | F61: =VLOOKUP(D:D,工作表2!A:C,3,0) -> 白 | G61: 10310359 | H61: A3225070T | I61: 5OET005831XAH75W | J61: 144 | K61: 8 | L61: =K61/J61 -> 0.055555556 | M61: 5 | N61: 3 | P61: E4.5關(排風全開)、E2E3後段40
A62: 46029 | B62: 0.60138889 | C62: 46031 | D62: =RIGHT(I62,3) -> 75W | E62: =VLOOKUP(D:D,工作表2!A:B,2,0) -> 敦陽 | F62: =VLOOKUP(D:D,工作表2!A:C,3,0) -> 白 | G62: 10310318 | H62: A3243470T | I62: 5PPG006892XA075W | J62: 80 | K62: 21 | L62: =K62/J62 -> 0.2625 | M62: 18 | N62: 3 | P62: E4.5關(排風全開)、E2E3後段40 | Q62: 23度頭蓋
A63: 46024 | B63: 0.52916667 | C63: 46031 | D63: =RIGHT(I63,3) -> NGW | E63: =VLOOKUP(D:D,工作表2!A:B,2,0) -> 邦善 | F63: =VLOOKUP(D:D,工作表2!A:C,3,0) -> 白 | G63: 10304244 | H63: A3271730T | I63: 5PPG006942XA0NGW | J63: 240 | K63: 26 | L63: =K63/J63 -> 0.10833333 | M63: 20 | N63: 6 | P63: E4.5關(排風全開)、E2E3後段40 | Q63: L
A64: 46028 | B64: 0.62916667 | C64: 46031 | D64: =RIGHT(I64,3) -> NGW | E64: =VLOOKUP(D:D,工作表2!A:B,2,0) -> 邦善 | F64: =VLOOKUP(D:D,工作表2!A:C,3,0) -> 白 | G64: 10305275 | H64: A3266310T | I64: 5PPG006947XA0NGW | J64: 360 | K64: 48 | L64: =K64/J64 -> 0.13333333 | M64: 29 | N64: 19 | P64: E4.5關(排風全開)、E2E3後段40 | Q64: L
A65: 46028 | B65: 0.47569444 | C65: 46031 | D65: =RIGHT(I65,3) -> Q9B | E65: =VLOOKUP(D:D,工作表2!A:B,2,0) -> 邦善 | F65: =VLOOKUP(D:D,工作表2!A:C,3,0) -> 黑 | G65: 10310769 | H65: A3281180T | I65: 5PPG007010XA0Q9B | J65: 480 | K65: 53 | L65: =K65/J65 -> 0.11041667 | M65: 45 | N65: 8 | P65: E4.5關(排風全開)、E2E3後段40 | Q65: L
A66: 46028 | B66: 0.47569444 | C66: 46031 | D66: =RIGHT(I66,3) -> Q9B | E66: =VLOOKUP(D:D,工作表2!A:B,2,0) -> 邦善 | F66: =VLOOKUP(D:D,工作表2!A:C,3,0) -> 黑 | G66: 10310313 | H66: A3281180T | I66: 5PPG007010XA0Q9B | J66: 480 | K66: 63 | L66: =K66/J66 -> 0.13125 | M66: 50 | N66: 13 | P66: E4.5關(排風全開)、E2E3後段40 | Q66: L
A67: 46029 | B67: 0.58472222 | C67: 46031 | D67: =RIGHT(I67,3) -> Q9B | E67: =VLOOKUP(D:D,工作表2!A:B,2,0) -> 邦善 | F67: =VLOOKUP(D:D,工作表2!A:C,3,0) -> 黑 | G67: 10309191 | H67: A3322010T | I67: 5PPG007078XA0Q9B | J67: 1360 | K67: 425 | L67: =K67/J67 -> 0.3125 | M67: 249 | N67: 138 | P67: E4.5關(排風全開)、E2E3後段40、壓痕38 | Q67: L | U67: 38
A68: 46024 | B68: 0.52291667 | C68: 46031 | D68: =RIGHT(I68,3) -> X2W | E68: =VLOOKUP(D:D,工作表2!A:B,2,0) -> 邦善 | F68: =VLOOKUP(D:D,工作表2!A:C,3,0) -> 白 | G68: 10304257 | H68: A3326840T | I68: 5PPG007121XA0X2W | J68: 280 | K68: 39 | L68: =K68/J68 -> 0.13928571 | M68: 30 | N68: 9 | P68: E4.5關(排風全開)、E2E3後段40 | Q68: R
A69: 46027 | B69: 0.61041667 | C69: 46031 | D69: =RIGHT(I69,3) -> NGW | E69: =VLOOKUP(D:D,工作表2!A:B,2,0) -> 邦善 | F69: =VLOOKUP(D:D,工作表2!A:C,3,0) -> 白 | G69: 10304233 | H69: A3247490T | I69: 5PPG105301XC0NGW | J69: 938 | K69: 176 | L69: =K69/J69 -> 0.18763326 | M69: 96 | N69: 80 | P69: E4.5關(排風全開)、E2E3後段40 | Q69: 0度頭蓋
A70: 46027 | B70: 0.61736111 | C70: 46031 | D70: =RIGHT(I70,3) -> BBB | E70: =VLOOKUP(D:D,工作表2!A:B,2,0) -> 邦善 | F70: =VLOOKUP(D:D,工作表2!A:C,3,0) -> 霧面黑 | G70: 10310305 | H70: A32217U0T | I70: 5PPG105480XA0BBB | J70: 40 | K70: 3 | L70: =K70/J70 -> 0.075 | M70: 3 | P70: E4.5關(排風全開)、E2E3後段40 | Q70: 0度頭蓋
A71: 46027 | B71: 0.62708333 | C71: 46031 | D71: =RIGHT(I71,3) -> 4BB | E71: =VLOOKUP(D:D,工作表2!A:B,2,0) -> 敦陽 | F71: =VLOOKUP(D:D,工作表2!A:C,3,0) -> 黑 | G71: 10310315 | H71: A30007G0T | I71: 5SNT000007XA04BB | J71: 80 | K71: 3 | L71: =K71/J71 -> 0.0375 | M71: 3 | P71: E4.5關(排風全開)、E2E3後段40
A72: 46029 | B72: 0.54305556 | C72: 46034 | D72: =RIGHT(I72,3) -> NBB | E72: =VLOOKUP(D:D,工作表2!A:B,2,0) -> 邦善 | F72: =VLOOKUP(D:D,工作表2!A:C,3,0) -> 霧面黑 | G72: 10305436 | H72: A3259220T | I72: 5OEG005976XAHNBB | J72: 2128 | K72: 133 | L72: =K72/J72 -> 0.0625 | M72: 110 | N72: 23 | P72: E4.5關(排風全開)、E2E3後段40
A73: 46028 | B73: 0.53541667 | C73: 46034 | D73: =RIGHT(I73,3) -> NCB | E73: =VLOOKUP(D:D,工作表2!A:B,2,0) -> 邦善 | F73: =VLOOKUP(D:D,工作表2!A:C,3,0) -> 黑 | G73: 10305440 | H73: A3259230T | I73: 5OEG005976XAHNCB | J73: 2926 | K73: 226 | L73: =K73/J73 -> 0.077238551 | M73: 180 | N73: 46 | P73: E4.5關(排風全開)、E2E3後段40
A74: 46030 | B74: 0.54930556 | C74: 46034 | D74: =RIGHT(I74,3) -> RRA | E74: =VLOOKUP(D:D,工作表2!A:B,2,0) -> 邦善 | F74: =VLOOKUP(D:D,工作表2!A:C,3,0) -> 灰 | G74: 10305437 | H74: A32592A0T | I74: 5OEG005976XAHRRA | J74: 2128 | K74: 165 | L74: =K74/J74 -> 0.077537594 | M74: 150 | N74: 15 | P74: E4.5關(排風全開)、E2E3後段40
A75: 46029 | B75: 0.67083333 | C75: 46034 | D75: =RIGHT(I75,3) -> UUS | E75: =VLOOKUP(D:D,工作表2!A:B,2,0) -> 邦善 | F75: =VLOOKUP(D:D,工作表2!A:C,3,0) -> 銀 | G75: 10305441 | H75: A32592T0T | I75: 5OEG005976XAHUUS | J75: 798 | K75: 45 | L75: =K75/J75 -> 0.056390977 | M75: 25 | N75: 20 | P75: E4.5關(排風全開)、E2E3後段40
A76: 46031 | B76: 0.38263889 | C76: 46034 | D76: =RIGHT(I76,3) -> QRB | E76: =VLOOKUP(D:D,工作表2!A:B,2,0) -> 邦善 | F76: =VLOOKUP(D:D,工作表2!A:C,3,0) -> 霧面黑 | G76: 10309232 | H76: A3252820T | I76: 5OEG006036XAHQRB | J76: 25802 | K76: 1363 | L76: =K76/J76 -> 0.052825362 | M76: 879 | N76: 452 | O76: 32 | P76: E4.5關(排風全開)、E2E3後段40
A77: 46030 | B77: 0.52361111 | C77: 46034 | D77: =RIGHT(I77,3) -> VKB | E77: =VLOOKUP(D:D,工作表2!A:B,2,0) -> 華山 | F77: =VLOOKUP(D:D,工作表2!A:C,3,0) -> 霧面黑 | G77: 10309190 | H77: A3297410T | I77: 5OEG006117XAHVKB | J77: 2100 | K77: 71 | L77: =K77/J77 -> 0.033809524 | M77: 50 | N77: 21 | P77: E4.5關(排風全開)、E2E3後段40
A78: 46024 | B78: 0.62916667 | C78: 46034 | D78: =RIGHT(I78,3) -> 76S | E78: =VLOOKUP(D:D,工作表2!A:B,2,0) -> 敦陽 | F78: =VLOOKUP(D:D,工作表2!A:C,3,0) -> 銀 | G78: 10310316 | H78: TA000115200 | I78: 5OET005635XAH76S | J78: 160 | K78: 6 | L78: =K78/J78 -> 0.0375 | M78: 3 | N78: 3 | P78: E4.5關(排風全開)、E2E3後段40
A79: 46029 | B79: 0.60486111 | C79: 46034 | D79: =RIGHT(I79,3) -> 78A | E79: =VLOOKUP(D:D,工作表2!A:B,2,0) -> 敦陽 | F79: =VLOOKUP(D:D,工作表2!A:C,3,0) -> 灰 | G79: 10310302 | H79: A3214530T | I79: 5OET005635XAH78A | J79: 40 | K79: 6 | L79: =K79/J79 -> 0.15 | M79: 4 | N79: 2 | P79: E4.5關(排風全開)、E2E3後段40
A80: 46030 | B80: 0.60902778 | C80: 46034 | D80: =RIGHT(I80,3) -> 84B | E80: =VLOOKUP(D:D,工作表2!A:B,2,0) -> 敦陽 | F80: =VLOOKUP(D:D,工作表2!A:C,3,0) -> 黑 | G80: 10310303 | H80: A3214540T | I80: 5OET005635XAH84B | J80: 120 | K80: 0 | L80: =K80/J80 -> 0 | P80: E4.5關(排風全開)、E2E3後段40
A81: 46027 | B81: 0.55347222 | C81: 46034 | D81: =RIGHT(I81,3) -> N8B | E81: =VLOOKUP(D:D,工作表2!A:B,2,0) -> 邦善 | F81: =VLOOKUP(D:D,工作表2!A:C,3,0) -> 霧面黑 | G81: 10305433 | H81: A3228650T | I81: 5OET005693XCHN8B | J81: 3990 | K81: 46 | L81: =K81/J81 -> 0.011528822 | M81: 41 | N81: 5 | P81: E4.5關(排風全開)、E2E3後段40
A82: 46029 | B82: 0.56319444 | C82: 46034 | D82: =RIGHT(I82,3) -> NBB | E82: =VLOOKUP(D:D,工作表2!A:B,2,0) -> 邦善 | F82: =VLOOKUP(D:D,工作表2!A:C,3,0) -> 霧面黑 | G82: 10305429 | H82: A32286N0T | I82: 5OET005693XCHNBB | J82: 2128 | K82: 50 | L82: =K82/J82 -> 0.023496241 | M82: 40 | N82: 10 | P82: E4.5關(排風全開)、E2E3後段40
A83: 46028 | B83: 0.56666667 | C83: 46034 | D83: =RIGHT(I83,3) -> NGW | E83: =VLOOKUP(D:D,工作表2!A:B,2,0) -> 邦善 | F83: =VLOOKUP(D:D,工作表2!A:C,3,0) -> 白 | G83: 10305438 | H83: A3228610T | I83: 5OET005693XCHNGW | J83: 1330 | K83: 58 | L83: =K83/J83 -> 0.043609023 | M83: 40 | N83: 18 | P83: E4.5關(排風全開)、E2E3後段40
A84: 46029 | B84: 0.67361111 | C84: 46034 | D84: =RIGHT(I84,3) -> UUS | E84: =VLOOKUP(D:D,工作表2!A:B,2,0) -> 邦善 | F84: =VLOOKUP(D:D,工作表2!A:C,3,0) -> 銀 | G84: 10305442 | H84: A3228691T | I84: 5OET005693XCHUUS | J84: 532 | K84: 47 | L84: =K84/J84 -> 0.088345865 | M84: 40 | N84: 7 | P84: E4.5關(排風全開)、E2E3後段40
A85: 46029 | B85: 0.59930556 | C85: 46034 | D85: =RIGHT(I85,3) -> 76S | E85: =VLOOKUP(D:D,工作表2!A:B,2,0) -> 敦陽 | F85: =VLOOKUP(D:D,工作表2!A:C,3,0) -> 銀 | G85: 10310298 | H85: A3225090T | I85: 5OET005831XAH76S | J85: 72 | K85: 8 | L85: =K85/J85 -> 0.11111111 | M85: 5 | N85: 3 | P85: E4.5關(排風全開)、E2E3後段40
A86: 46029 | B86: 0.60208333 | C86: 46034 | D86: =RIGHT(I86,3) -> 76S | E86: =VLOOKUP(D:D,工作表2!A:B,2,0) -> 敦陽 | F86: =VLOOKUP(D:D,工作表2!A:C,3,0) -> 銀 | G86: 10310309 | H86: A3225110T | I86: 5PPG006742XC076S | J86: 160 | K86: 21 | L86: =K86/J86 -> 0.13125 | M86: 16 | N86: 5 | P86: E4.5關(排風全開)、E2E3後段40 | Q86: 0度頭蓋
A87: 46029 | B87: 0.60347222 | C87: 46034 | D87: =RIGHT(I87,3) -> 78A | E87: =VLOOKUP(D:D,工作表2!A:B,2,0) -> 敦陽 | F87: =VLOOKUP(D:D,工作表2!A:C,3,0) -> 灰 | G87: 10310310 | H87: A3225120T | I87: 5PPG006742XC078A | J87: 50 | K87: 9 | L87: =K87/J87 -> 0.18 | M87: 6 | N87: 3 | P87: E4.5關(排風全開)、E2E3後段40 | Q87: 0度頭蓋
A88: 46030 | B88: 0.60972222 | C88: 46034 | D88: =RIGHT(I88,3) -> 84B | E88: =VLOOKUP(D:D,工作表2!A:B,2,0) -> 敦陽 | F88: =VLOOKUP(D:D,工作表2!A:C,3,0) -> 黑 | G88: 10310311 | H88: A3225130T | I88: 5PPG006742XC084B | J88: 50 | K88: 7 | L88: =K88/J88 -> 0.14 | M88: 4 | N88: 3 | P88: E4.5關(排風全開)、E2E3後段40 | Q88: 0度頭蓋
A89: 46030 | B89: 0.62013889 | C89: 46034 | D89: =RIGHT(I89,3) -> NGW | E89: =VLOOKUP(D:D,工作表2!A:B,2,0) -> 邦善 | F89: =VLOOKUP(D:D,工作表2!A:C,3,0) -> 白 | G89: 10305277 | H89: A3298020T | I89: 5PPG007038XA0NGW | J89: 560 | K89: 50 | L89: =K89/J89 -> 0.089285714 | M89: 43 | N89: 7 | P89: E4.5關(排風全開)、E2E3後段40
A90: 46034 | B90: 0.38541667 | C90: 46035 | D90: =RIGHT(I90,3) -> QRB | E90: =VLOOKUP(D:D,工作表2!A:B,2,0) -> 邦善 | F90: =VLOOKUP(D:D,工作表2!A:C,3,0) -> 霧面黑 | G90: 10309292 | H90: A3252820T | I90: 5OEG006036XAHQRB | J90: 20790 | K90: 1590 | L90: =K90/J90 -> 0.076479076 | M90: 1220 | N90: 338 | O90: 32 | P90: E4.5關(排風全開)、E2E3後段40
A91: 46030 | B91: 0.53680556 | C91: 46035 | D91: =RIGHT(I91,3) -> VKB | E91: =VLOOKUP(D:D,工作表2!A:B,2,0) -> 華山 | F91: =VLOOKUP(D:D,工作表2!A:C,3,0) -> 霧面黑 | G91: 10309224 | H91: A3297390T | I91: 5OEG006116XAHVKB | J91: 1680 | K91: 38 | L91: =K91/J91 -> 0.022619048 | M91: 35 | N91: 3 | P91: E4.5關(排風全開)、E2E3後段40
A92: 46034 | B92: 0.53194444 | C92: 46035 | D92: =RIGHT(I92,3) -> XCB | E92: =VLOOKUP(D:D,工作表2!A:B,2,0) -> 邦善 | F92: =VLOOKUP(D:D,工作表2!A:C,3,0) -> 黑 | G92: 10309204 | H92: A32974A0T | I92: 5OEG006117XAHXCB | J92: 910 | K92: 125 | L92: =K92/J92 -> 0.13736264 | M92: 102 | N92: 23 | P92: E4.5關(排風全開)、E2E3後段40
A93: 46030 | B93: 0.60416667 | C93: 46035 | D93: =RIGHT(I93,3) -> 87L | E93: =VLOOKUP(D:D,工作表2!A:B,2,0) -> 邦善 | F93: =VLOOKUP(D:D,工作表2!A:C,3,0) -> 藍 | G93: 10310320 | H93: A3214550T | I93: 5OET005635XAH87L | J93: 40 | K93: 3 | L93: =K93/J93 -> 0.075 | M93: 2 | N93: 1 | P93: E4.5關(排風全開)、E2E3後段40
A94: 46034 | B94: 0.59375 | C94: 46035 | D94: =RIGHT(I94,3) -> WQO | E94: =VLOOKUP(D:D,工作表2!A:B,2,0) -> 邦善 | F94: =VLOOKUP(D:D,工作表2!A:C,3,0) -> 橘 | G94: 10310312 | H94: A32251D0T | I94: 5PPG006742XC0WQO | J94: 30 | K94: 13 | L94: =K94/J94 -> 0.43333333 | M94: 10 | N94: 3 | P94: E4.5關(排風全開)、E2E3後段40 | Q94: 0度頭蓋
A95: 46029 | B95: 0.61944444 | C95: 46035 | D95: =RIGHT(I95,3) -> NGW | E95: =VLOOKUP(D:D,工作表2!A:B,2,0) -> 邦善 | F95: =VLOOKUP(D:D,工作表2!A:C,3,0) -> 白 | G95: 10305419 | H95: A3271830T | I95: 5PPG006943XA0NGW | J95: 400 | K95: 26 | L95: =K95/J95 -> 0.065 | M95: 20 | N95: 6 | P95: E4.5關(排風全開)、E2E3後段40 | Q95: R
A96: 46030 | B96: 0.55972222 | C96: 46035 | D96: =RIGHT(I96,3) -> NEA | E96: =VLOOKUP(D:D,工作表2!A:B,2,0) -> 邦善 | F96: =VLOOKUP(D:D,工作表2!A:C,3,0) -> 灰 | G96: 10305417 | H96: A3268550T | I96: 5PPG006970XA0NEA | J96: 560 | K96: 50 | L96: =K96/J96 -> 0.089285714 | M96: 40 | N96: 10 | P96: E4.5關(排風全開)、E2E3後段40 | Q96: R
A97: 46034 | B97: 0.62847222 | C97: 46035 | D97: =RIGHT(I97,3) -> NGW | E97: =VLOOKUP(D:D,工作表2!A:B,2,0) -> 邦善 | F97: =VLOOKUP(D:D,工作表2!A:C,3,0) -> 白 | G97: 10305409 | H97: A3280110T | I97: 5PPG007029XA0NGW | J97: 560 | K97: 32 | L97: =K97/J97 -> 0.057142857 | M97: 19 | N97: 13 | P97: E4.5關(排風全開)、E2E3後段40 | Q97: R
A98: 46030 | B98: 0.60277778 | C98: 46035 | D98: =RIGHT(I98,3) -> 28A | E98: =VLOOKUP(D:D,工作表2!A:B,2,0) -> 邦善 | F98: =VLOOKUP(D:D,工作表2!A:C,3,0) -> 灰 | G98: 10298584 | H98: A30047X0T | I98: 5SNT000046XA028A | J98: 30 | K98: 3 | L98: =K98/J98 -> 0.1 | M98: 2 | N98: 1 | P98: E4.5關(排風全開)、E2E3後段40
A99: 46035 | B99: 0.38194444 | C99: 46036 | D99: =RIGHT(I99,3) -> QRB | E99: =VLOOKUP(D:D,工作表2!A:B,2,0) -> 邦善 | F99: =VLOOKUP(D:D,工作表2!A:C,3,0) -> 霧面黑 | G99: 10309287 | H99: A3252820T | I99: 5OEG006036XAHQRB | J99: 25802 | K99: 1488 | L99: =K99/J99 -> 0.057669948 | M99: 1200 | N99: 274 | O99: 14 | P99: E4.5關(排風全開)、E2E3後段40
A100: 46035 | B100: 0.47708333 | C100: 46036 | D100: =RIGHT(I100,3) -> VKB | E100: =VLOOKUP(D:D,工作表2!A:B,2,0) -> 華山 | F100: =VLOOKUP(D:D,工作表2!A:C,3,0) -> 霧面黑 | G100: 10310834 | H100: A3297410T | I100: 5OEG006117XAHVKB | J100: 1400 | K100: 23 | L100: =K100/J100 -> 0.016428571 | M100: 19 | N100: 4 | P100: E4.5關(排風全開)、E2E3後段40
A101: 46035 | B101: 0.61736111 | C101: 46036 | D101: =RIGHT(I101,3) -> NGW | E101: =VLOOKUP(D:D,工作表2!A:B,2,0) -> 邦善 | F101: =VLOOKUP(D:D,工作表2!A:C,3,0) -> 白 | G101: 10305431 | H101: A3266410T | I101: 5PPG006948XA0NGW | J101: 360 | K101: 52 | L101: =K101/J101 -> 0.14444444 | M101: 38 | N101: 14 | P101: E4.5關(排風全開)、E2E3後段40 | Q101: R
...

Sheet 工作表6
A1: 日期 | B1: 工單數 | C1: 不良數 | D1: 不良率 | E1: 5OE | F1: 5PP | G1: 5SN
A2: 46082 | B2: =SUMIF('塗裝各項不良率-明細'!C:C,工作表6!A:A,'塗裝各項不良率-明細'!J:J) -> 0 | C2: =SUMIF('塗裝各項不良率-明細'!C:C,工作表6!A:A,'塗裝各項不良率-明細'!K:K) -> 0 | D2: =C2/B2% -> #DIV/0! | E2: =IFERROR(SUMIFS('塗裝各項不良率-明細'!K:K, '塗裝各項不良率-明細'!C:C, A2, '塗裝各項不良率-明細'!I:I, "5OE*") / SUMIFS('塗裝各項不良率-明細'!J:J, '塗裝各項不良率-明細'!C:C, A2, '塗裝各項不良率-明細'!I:I, "5OE*"), 0) -> 0 | F2: =IFERROR(SUMIFS('塗裝各項不良率-明細'!K:K, '塗裝各項不良率-明細'!C:C, A2, '塗裝各項不良率-明細'!I:I, "5PP*") / SUMIFS('塗裝各項不良率-明細'!J:J, '塗裝各項不良率-明細'!C:C, A2, '塗裝各項不良率-明細'!I:I, "5PP*"), 0) -> 0 | G2: =IFERROR(SUMIFS('塗裝各項不良率-明細'!K:K, '塗裝各項不良率-明細'!C:C, A2, '塗裝各項不良率-明細'!I:I, "5SN*") / SUMIFS('塗裝各項不良率-明細'!J:J, '塗裝各項不良率-明細'!C:C, A2, '塗裝各項不良率-明細'!I:I, "5SN*"), 0) -> 0
A3: 46083 | B3: =SUMIF('塗裝各項不良率-明細'!C:C,工作表6!A:A,'塗裝各項不良率-明細'!J:J) -> 27358 | C3: =SUMIF('塗裝各項不良率-明細'!C:C,工作表6!A:A,'塗裝各項不良率-明細'!K:K) -> 2019 | D3: =C3/B3% -> 7.3799254 | E3: =IFERROR(SUMIFS('塗裝各項不良率-明細'!K:K, '塗裝各項不良率-明細'!C:C, A3, '塗裝各項不良率-明細'!I:I, "5OE*") / SUMIFS('塗裝各項不良率-明細'!J:J, '塗裝各項不良率-明細'!C:C, A3, '塗裝各項不良率-明細'!I:I, "5OE*"), 0) -> 0.071617818 | F3: =IFERROR(SUMIFS('塗裝各項不良率-明細'!K:K, '塗裝各項不良率-明細'!C:C, A3, '塗裝各項不良率-明細'!I:I, "5PP*") / SUMIFS('塗裝各項不良率-明細'!J:J, '塗裝各項不良率-明細'!C:C, A3, '塗裝各項不良率-明細'!I:I, "5PP*"), 0) -> 0.09025609 | G3: =IFERROR(SUMIFS('塗裝各項不良率-明細'!K:K, '塗裝各項不良率-明細'!C:C, A3, '塗裝各項不良率-明細'!I:I, "5SN*") / SUMIFS('塗裝各項不良率-明細'!J:J, '塗裝各項不良率-明細'!C:C, A3, '塗裝各項不良率-明細'!I:I, "5SN*"), 0) -> 0
A4: 46084 | B4: =SUMIF('塗裝各項不良率-明細'!C:C,工作表6!A:A,'塗裝各項不良率-明細'!J:J) -> 39958 | C4: =SUMIF('塗裝各項不良率-明細'!C:C,工作表6!A:A,'塗裝各項不良率-明細'!K:K) -> 1913 | D4: =C4/B4% -> 4.7875269 | E4: =IFERROR(SUMIFS('塗裝各項不良率-明細'!K:K, '塗裝各項不良率-明細'!C:C, A4, '塗裝各項不良率-明細'!I:I, "5OE*") / SUMIFS('塗裝各項不良率-明細'!J:J, '塗裝各項不良率-明細'!C:C, A4, '塗裝各項不良率-明細'!I:I, "5OE*"), 0) -> 0.044981334 | F4: =IFERROR(SUMIFS('塗裝各項不良率-明細'!K:K, '塗裝各項不良率-明細'!C:C, A4, '塗裝各項不良率-明細'!I:I, "5PP*") / SUMIFS('塗裝各項不良率-明細'!J:J, '塗裝各項不良率-明細'!C:C, A4, '塗裝各項不良率-明細'!I:I, "5PP*"), 0) -> 0.10706522 | G4: =IFERROR(SUMIFS('塗裝各項不良率-明細'!K:K, '塗裝各項不良率-明細'!C:C, A4, '塗裝各項不良率-明細'!I:I, "5SN*") / SUMIFS('塗裝各項不良率-明細'!J:J, '塗裝各項不良率-明細'!C:C, A4, '塗裝各項不良率-明細'!I:I, "5SN*"), 0) -> 0.0625
A5: 46085 | B5: =SUMIF('塗裝各項不良率-明細'!C:C,工作表6!A:A,'塗裝各項不良率-明細'!J:J) -> 46460 | C5: =SUMIF('塗裝各項不良率-明細'!C:C,工作表6!A:A,'塗裝各項不良率-明細'!K:K) -> 2749 | D5: =C5/B5% -> 5.9169178 | E5: =IFERROR(SUMIFS('塗裝各項不良率-明細'!K:K, '塗裝各項不良率-明細'!C:C, A5, '塗裝各項不良率-明細'!I:I, "5OE*") / SUMIFS('塗裝各項不良率-明細'!J:J, '塗裝各項不良率-明細'!C:C, A5, '塗裝各項不良率-明細'!I:I, "5OE*"), 0) -> 0.055855233 | F5: =IFERROR(SUMIFS('塗裝各項不良率-明細'!K:K, '塗裝各項不良率-明細'!C:C, A5, '塗裝各項不良率-明細'!I:I, "5PP*") / SUMIFS('塗裝各項不良率-明細'!J:J, '塗裝各項不良率-明細'!C:C, A5, '塗裝各項不良率-明細'!I:I, "5PP*"), 0) -> 0.10584416 | G5: =IFERROR(SUMIFS('塗裝各項不良率-明細'!K:K, '塗裝各項不良率-明細'!C:C, A5, '塗裝各項不良率-明細'!I:I, "5SN*") / SUMIFS('塗裝各項不良率-明細'!J:J, '塗裝各項不良率-明細'!C:C, A5, '塗裝各項不良率-明細'!I:I, "5SN*"), 0) -> 0
A6: 46086 | B6: =SUMIF('塗裝各項不良率-明細'!C:C,工作表6!A:A,'塗裝各項不良率-明細'!J:J) -> 35484 | C6: =SUMIF('塗裝各項不良率-明細'!C:C,工作表6!A:A,'塗裝各項不良率-明細'!K:K) -> 1819 | D6: =C6/B6% -> 5.1262541 | E6: =IFERROR(SUMIFS('塗裝各項不良率-明細'!K:K, '塗裝各項不良率-明細'!C:C, A6, '塗裝各項不良率-明細'!I:I, "5OE*") / SUMIFS('塗裝各項不良率-明細'!J:J, '塗裝各項不良率-明細'!C:C, A6, '塗裝各項不良率-明細'!I:I, "5OE*"), 0) -> 0.037454748 | F6: =IFERROR(SUMIFS('塗裝各項不良率-明細'!K:K, '塗裝各項不良率-明細'!C:C, A6, '塗裝各項不良率-明細'!I:I, "5PP*") / SUMIFS('塗裝各項不良率-明細'!J:J, '塗裝各項不良率-明細'!C:C, A6, '塗裝各項不良率-明細'!I:I, "5PP*"), 0) -> 0.10997632 | G6: =IFERROR(SUMIFS('塗裝各項不良率-明細'!K:K, '塗裝各項不良率-明細'!C:C, A6, '塗裝各項不良率-明細'!I:I, "5SN*") / SUMIFS('塗裝各項不良率-明細'!J:J, '塗裝各項不良率-明細'!C:C, A6, '塗裝各項不良率-明細'!I:I, "5SN*"), 0) -> 0
A7: 46087 | B7: =SUMIF('塗裝各項不良率-明細'!C:C,工作表6!A:A,'塗裝各項不良率-明細'!J:J) -> 32684 | C7: =SUMIF('塗裝各項不良率-明細'!C:C,工作表6!A:A,'塗裝各項不良率-明細'!K:K) -> 1274 | D7: =C7/B7% -> 3.8979317 | E7: =IFERROR(SUMIFS('塗裝各項不良率-明細'!K:K, '塗裝各項不良率-明細'!C:C, A7, '塗裝各項不良率-明細'!I:I, "5OE*") / SUMIFS('塗裝各項不良率-明細'!J:J, '塗裝各項不良率-明細'!C:C, A7, '塗裝各項不良率-明細'!I:I, "5OE*"), 0) -> 0.034752766 | F7: =IFERROR(SUMIFS('塗裝各項不良率-明細'!K:K, '塗裝各項不良率-明細'!C:C, A7, '塗裝各項不良率-明細'!I:I, "5PP*") / SUMIFS('塗裝各項不良率-明細'!J:J, '塗裝各項不良率-明細'!C:C, A7, '塗裝各項不良率-明細'!I:I, "5PP*"), 0) -> 0.087822014 | G7: =IFERROR(SUMIFS('塗裝各項不良率-明細'!K:K, '塗裝各項不良率-明細'!C:C, A7, '塗裝各項不良率-明細'!I:I, "5SN*") / SUMIFS('塗裝各項不良率-明細'!J:J, '塗裝各項不良率-明細'!C:C, A7, '塗裝各項不良率-明細'!I:I, "5SN*"), 0) -> 0.054545455
A8: 46088 | B8: =SUMIF('塗裝各項不良率-明細'!C:C,工作表6!A:A,'塗裝各項不良率-明細'!J:J) -> 0 | C8: =SUMIF('塗裝各項不良率-明細'!C:C,工作表6!A:A,'塗裝各項不良率-明細'!K:K) -> 0 | D8: =C8/B8% -> #DIV/0! | E8: =IFERROR(SUMIFS('塗裝各項不良率-明細'!K:K, '塗裝各項不良率-明細'!C:C, A8, '塗裝各項不良率-明細'!I:I, "5OE*") / SUMIFS('塗裝各項不良率-明細'!J:J, '塗裝各項不良率-明細'!C:C, A8, '塗裝各項不良率-明細'!I:I, "5OE*"), 0) -> 0 | F8: =IFERROR(SUMIFS('塗裝各項不良率-明細'!K:K, '塗裝各項不良率-明細'!C:C, A8, '塗裝各項不良率-明細'!I:I, "5PP*") / SUMIFS('塗裝各項不良率-明細'!J:J, '塗裝各項不良率-明細'!C:C, A8, '塗裝各項不良率-明細'!I:I, "5PP*"), 0) -> 0 | G8: =IFERROR(SUMIFS('塗裝各項不良率-明細'!K:K, '塗裝各項不良率-明細'!C:C, A8, '塗裝各項不良率-明細'!I:I, "5SN*") / SUMIFS('塗裝各項不良率-明細'!J:J, '塗裝各項不良率-明細'!C:C, A8, '塗裝各項不良率-明細'!I:I, "5SN*"), 0) -> 0
A9: 46089 | B9: =SUMIF('塗裝各項不良率-明細'!C:C,工作表6!A:A,'塗裝各項不良率-明細'!J:J) -> 0 | C9: =SUMIF('塗裝各項不良率-明細'!C:C,工作表6!A:A,'塗裝各項不良率-明細'!K:K) -> 0 | D9: =C9/B9% -> #DIV/0! | E9: =IFERROR(SUMIFS('塗裝各項不良率-明細'!K:K, '塗裝各項不良率-明細'!C:C, A9, '塗裝各項不良率-明細'!I:I, "5OE*") / SUMIFS('塗裝各項不良率-明細'!J:J, '塗裝各項不良率-明細'!C:C, A9, '塗裝各項不良率-明細'!I:I, "5OE*"), 0) -> 0 | F9: =IFERROR(SUMIFS('塗裝各項不良率-明細'!K:K, '塗裝各項不良率-明細'!C:C, A9, '塗裝各項不良率-明細'!I:I, "5PP*") / SUMIFS('塗裝各項不良率-明細'!J:J, '塗裝各項不良率-明細'!C:C, A9, '塗裝各項不良率-明細'!I:I, "5PP*"), 0) -> 0 | G9: =IFERROR(SUMIFS('塗裝各項不良率-明細'!K:K, '塗裝各項不良率-明細'!C:C, A9, '塗裝各項不良率-明細'!I:I, "5SN*") / SUMIFS('塗裝各項不良率-明細'!J:J, '塗裝各項不良率-明細'!C:C, A9, '塗裝各項不良率-明細'!I:I, "5SN*"), 0) -> 0
A10: 46090 | B10: =SUMIF('塗裝各項不良率-明細'!C:C,工作表6!A:A,'塗裝各項不良率-明細'!J:J) -> 31932 | C10: =SUMIF('塗裝各項不良率-明細'!C:C,工作表6!A:A,'塗裝各項不良率-明細'!K:K) -> 861 | D10: =C10/B10% -> 2.6963548 | E10: =IFERROR(SUMIFS('塗裝各項不良率-明細'!K:K, '塗裝各項不良率-明細'!C:C, A10, '塗裝各項不良率-明細'!I:I, "5OE*") / SUMIFS('塗裝各項不良率-明細'!J:J, '塗裝各項不良率-明細'!C:C, A10, '塗裝各項不良率-明細'!I:I, "5OE*"), 0) -> 0.026562698 | F10: =IFERROR(SUMIFS('塗裝各項不良率-明細'!K:K, '塗裝各項不良率-明細'!C:C, A10, '塗裝各項不良率-明細'!I:I, "5PP*") / SUMIFS('塗裝各項不良率-明細'!J:J, '塗裝各項不良率-明細'!C:C, A10, '塗裝各項不良率-明細'!I:I, "5PP*"), 0) -> 0.059895833 | G10: =IFERROR(SUMIFS('塗裝各項不良率-明細'!K:K, '塗裝各項不良率-明細'!C:C, A10, '塗裝各項不良率-明細'!I:I, "5SN*") / SUMIFS('塗裝各項不良率-明細'!J:J, '塗裝各項不良率-明細'!C:C, A10, '塗裝各項不良率-明細'!I:I, "5SN*"), 0) -> 0
A11: 46091 | B11: =SUMIF('塗裝各項不良率-明細'!C:C,工作表6!A:A,'塗裝各項不良率-明細'!J:J) -> 33308 | C11: =SUMIF('塗裝各項不良率-明細'!C:C,工作表6!A:A,'塗裝各項不良率-明細'!K:K) -> 1988 | D11: =C11/B11% -> 5.9685361 | E11: =IFERROR(SUMIFS('塗裝各項不良率-明細'!K:K, '塗裝各項不良率-明細'!C:C, A11, '塗裝各項不良率-明細'!I:I, "5OE*") / SUMIFS('塗裝各項不良率-明細'!J:J, '塗裝各項不良率-明細'!C:C, A11, '塗裝各項不良率-明細'!I:I, "5OE*"), 0) -> 0.058998356 | F11: =IFERROR(SUMIFS('塗裝各項不良率-明細'!K:K, '塗裝各項不良率-明細'!C:C, A11, '塗裝各項不良率-明細'!I:I, "5PP*") / SUMIFS('塗裝各項不良率-明細'!J:J, '塗裝各項不良率-明細'!C:C, A11, '塗裝各項不良率-明細'!I:I, "5PP*"), 0) -> 0.072619048 | G11: =IFERROR(SUMIFS('塗裝各項不良率-明細'!K:K, '塗裝各項不良率-明細'!C:C, A11, '塗裝各項不良率-明細'!I:I, "5SN*") / SUMIFS('塗裝各項不良率-明細'!J:J, '塗裝各項不良率-明細'!C:C, A11, '塗裝各項不良率-明細'!I:I, "5SN*"), 0) -> 0
A12: 46092 | B12: =SUMIF('塗裝各項不良率-明細'!C:C,工作表6!A:A,'塗裝各項不良率-明細'!J:J) -> 36418 | C12: =SUMIF('塗裝各項不良率-明細'!C:C,工作表6!A:A,'塗裝各項不良率-明細'!K:K) -> 1860 | D12: =C12/B12% -> 5.1073645 | E12: =IFERROR(SUMIFS('塗裝各項不良率-明細'!K:K, '塗裝各項不良率-明細'!C:C, A12, '塗裝各項不良率-明細'!I:I, "5OE*") / SUMIFS('塗裝各項不良率-明細'!J:J, '塗裝各項不良率-明細'!C:C, A12, '塗裝各項不良率-明細'!I:I, "5OE*"), 0) -> 0.050087625 | F12: =IFERROR(SUMIFS('塗裝各項不良率-明細'!K:K, '塗裝各項不良率-明細'!C:C, A12, '塗裝各項不良率-明細'!I:I, "5PP*") / SUMIFS('塗裝各項不良率-明細'!J:J, '塗裝各項不良率-明細'!C:C, A12, '塗裝各項不良率-明細'!I:I, "5PP*"), 0) -> 0.084615385 | G12: =IFERROR(SUMIFS('塗裝各項不良率-明細'!K:K, '塗裝各項不良率-明細'!C:C, A12, '塗裝各項不良率-明細'!I:I, "5SN*") / SUMIFS('塗裝各項不良率-明細'!J:J, '塗裝各項不良率-明細'!C:C, A12, '塗裝各項不良率-明細'!I:I, "5SN*"), 0) -> 0
A13: 46093 | B13: =SUMIF('塗裝各項不良率-明細'!C:C,工作表6!A:A,'塗裝各項不良率-明細'!J:J) -> 47474 | C13: =SUMIF('塗裝各項不良率-明細'!C:C,工作表6!A:A,'塗裝各項不良率-明細'!K:K) -> 2507 | D13: =C13/B13% -> 5.2807853 | E13: =IFERROR(SUMIFS('塗裝各項不良率-明細'!K:K, '塗裝各項不良率-明細'!C:C, A13, '塗裝各項不良率-明細'!I:I, "5OE*") / SUMIFS('塗裝各項不良率-明細'!J:J, '塗裝各項不良率-明細'!C:C, A13, '塗裝各項不良率-明細'!I:I, "5OE*"), 0) -> 0.046224109 | F13: =IFERROR(SUMIFS('塗裝各項不良率-明細'!K:K, '塗裝各項不良率-明細'!C:C, A13, '塗裝各項不良率-明細'!I:I, "5PP*") / SUMIFS('塗裝各項不良率-明細'!J:J, '塗裝各項不良率-明細'!C:C, A13, '塗裝各項不良率-明細'!I:I, "5PP*"), 0) -> 0.12208738 | G13: =IFERROR(SUMIFS('塗裝各項不良率-明細'!K:K, '塗裝各項不良率-明細'!C:C, A13, '塗裝各項不良率-明細'!I:I, "5SN*") / SUMIFS('塗裝各項不良率-明細'!J:J, '塗裝各項不良率-明細'!C:C, A13, '塗裝各項不良率-明細'!I:I, "5SN*"), 0) -> 0
... A126: 46203 | B126: =SUMIF('塗裝各項不良率-明細'!C:C,工作表6!A:A,'塗裝各項不良率-明細'!J:J) -> 0 | C126: =SUMIF('塗裝各項不良率-明細'!C:C,工作表6!A:A,'塗裝各項不良率-明細'!K:K) -> 0 | D126: =C126/B126% -> #DIV/0! | E126: =IFERROR(SUMIFS('塗裝各項不良率-明細'!K:K, '塗裝各項不良率-明細'!C:C, A126, '塗裝各項不良率-明細'!I:I, "5OE*") / SUMIFS('塗裝各項不良率-明細'!J:J, '塗裝各項不良率-明細'!C:C, A126, '塗裝各項不良率-明細'!I:I, "5OE*"), 0) -> 0 | F126: =IFERROR(SUMIFS('塗裝各項不良率-明細'!K:K, '塗裝各項不良率-明細'!C:C, A126, '塗裝各項不良率-明細'!I:I, "5PP*") / SUMIFS('塗裝各項不良率-明細'!J:J, '塗裝各項不良率-明細'!C:C, A126, '塗裝各項不良率-明細'!I:I, "5PP*"), 0) -> 0 | G126: =IFERROR(SUMIFS('塗裝各項不良率-明細'!K:K, '塗裝各項不良率-明細'!C:C, A126, '塗裝各項不良率-明細'!I:I, "5SN*") / SUMIFS('塗裝各項不良率-明細'!J:J, '塗裝各項不良率-明細'!C:C, A126, '塗裝各項不良率-明細'!I:I, "5SN*"), 0) -> 0
B128: =SUMIF('塗裝各項不良率-明細'!C:C,工作表6!A:A,'塗裝各項不良率-明細'!J:J) -> 0 | C128: =SUMIF('塗裝各項不良率-明細'!C:C,工作表6!A:A,'塗裝各項不良率-明細'!K:K) -> 0 | D128: =C128/B128% -> #DIV/0! | E128: =IFERROR(SUMIFS('塗裝各項不良率-明細'!K:K, '塗裝各項不良率-明細'!C:C, A128, '塗裝各項不良率-明細'!I:I, "5OE*") / SUMIFS('塗裝各項不良率-明細'!J:J, '塗裝各項不良率-明細'!C:C, A128, '塗裝各項不良率-明細'!I:I, "5OE*"), 0) -> 0 | F128: =IFERROR(SUMIFS('塗裝各項不良率-明細'!K:K, '塗裝各項不良率-明細'!C:C, A128, '塗裝各項不良率-明細'!I:I, "5PP*") / SUMIFS('塗裝各項不良率-明細'!J:J, '塗裝各項不良率-明細'!C:C, A128, '塗裝各項不良率-明細'!I:I, "5PP*"), 0) -> 0 | G128: =IFERROR(SUMIFS('塗裝各項不良率-明細'!K:K, '塗裝各項不良率-明細'!C:C, A128, '塗裝各項不良率-明細'!I:I, "5SN*") / SUMIFS('塗裝各項不良率-明細'!J:J, '塗裝各項不良率-明細'!C:C, A128, '塗裝各項不良率-明細'!I:I, "5SN*"), 0) -> 0
B129: =SUMIF('塗裝各項不良率-明細'!C:C,工作表6!A:A,'塗裝各項不良率-明細'!J:J) -> 0 | C129: =SUMIF('塗裝各項不良率-明細'!C:C,工作表6!A:A,'塗裝各項不良率-明細'!K:K) -> 0 | D129: =C129/B129% -> #DIV/0! | E129: =IFERROR(SUMIFS('塗裝各項不良率-明細'!K:K, '塗裝各項不良率-明細'!C:C, A129, '塗裝各項不良率-明細'!I:I, "5OE*") / SUMIFS('塗裝各項不良率-明細'!J:J, '塗裝各項不良率-明細'!C:C, A129, '塗裝各項不良率-明細'!I:I, "5OE*"), 0) -> 0 | F129: =IFERROR(SUMIFS('塗裝各項不良率-明細'!K:K, '塗裝各項不良率-明細'!C:C, A129, '塗裝各項不良率-明細'!I:I, "5PP*") / SUMIFS('塗裝各項不良率-明細'!J:J, '塗裝各項不良率-明細'!C:C, A129, '塗裝各項不良率-明細'!I:I, "5PP*"), 0) -> 0 | G129: =IFERROR(SUMIFS('塗裝各項不良率-明細'!K:K, '塗裝各項不良率-明細'!C:C, A129, '塗裝各項不良率-明細'!I:I, "5SN*") / SUMIFS('塗裝各項不良率-明細'!J:J, '塗裝各項不良率-明細'!C:C, A129, '塗裝各項不良率-明細'!I:I, "5SN*"), 0) -> 0
B130: =SUMIF('塗裝各項不良率-明細'!C:C,工作表6!A:A,'塗裝各項不良率-明細'!J:J) -> 0 | C130: =SUMIF('塗裝各項不良率-明細'!C:C,工作表6!A:A,'塗裝各項不良率-明細'!K:K) -> 0 | D130: =C130/B130% -> #DIV/0! | E130: =IFERROR(SUMIFS('塗裝各項不良率-明細'!K:K, '塗裝各項不良率-明細'!C:C, A130, '塗裝各項不良率-明細'!I:I, "5OE*") / SUMIFS('塗裝各項不良率-明細'!J:J, '塗裝各項不良率-明細'!C:C, A130, '塗裝各項不良率-明細'!I:I, "5OE*"), 0) -> 0 | F130: =IFERROR(SUMIFS('塗裝各項不良率-明細'!K:K, '塗裝各項不良率-明細'!C:C, A130, '塗裝各項不良率-明細'!I:I, "5PP*") / SUMIFS('塗裝各項不良率-明細'!J:J, '塗裝各項不良率-明細'!C:C, A130, '塗裝各項不良率-明細'!I:I, "5PP*"), 0) -> 0 | G130: =IFERROR(SUMIFS('塗裝各項不良率-明細'!K:K, '塗裝各項不良率-明細'!C:C, A130, '塗裝各項不良率-明細'!I:I, "5SN*") / SUMIFS('塗裝各項不良率-明細'!J:J, '塗裝各項不良率-明細'!C:C, A130, '塗裝各項不良率-明細'!I:I, "5SN*"), 0) -> 0
B131: =SUMIF('塗裝各項不良率-明細'!C:C,工作表6!A:A,'塗裝各項不良率-明細'!J:J) -> 0 | C131: =SUMIF('塗裝各項不良率-明細'!C:C,工作表6!A:A,'塗裝各項不良率-明細'!K:K) -> 0 | D131: =C131/B131% -> #DIV/0! | E131: =IFERROR(SUMIFS('塗裝各項不良率-明細'!K:K, '塗裝各項不良率-明細'!C:C, A131, '塗裝各項不良率-明細'!I:I, "5OE*") / SUMIFS('塗裝各項不良率-明細'!J:J, '塗裝各項不良率-明細'!C:C, A131, '塗裝各項不良率-明細'!I:I, "5OE*"), 0) -> 0 | F131: =IFERROR(SUMIFS('塗裝各項不良率-明細'!K:K, '塗裝各項不良率-明細'!C:C, A131, '塗裝各項不良率-明細'!I:I, "5PP*") / SUMIFS('塗裝各項不良率-明細'!J:J, '塗裝各項不良率-明細'!C:C, A131, '塗裝各項不良率-明細'!I:I, "5PP*"), 0) -> 0 | G131: =IFERROR(SUMIFS('塗裝各項不良率-明細'!K:K, '塗裝各項不良率-明細'!C:C, A131, '塗裝各項不良率-明細'!I:I, "5SN*") / SUMIFS('塗裝各項不良率-明細'!J:J, '塗裝各項不良率-明細'!C:C, A131, '塗裝各項不良率-明細'!I:I, "5SN*"), 0) -> 0
B132: =SUMIF('塗裝各項不良率-明細'!C:C,工作表6!A:A,'塗裝各項不良率-明細'!J:J) -> 0 | C132: =SUMIF('塗裝各項不良率-明細'!C:C,工作表6!A:A,'塗裝各項不良率-明細'!K:K) -> 0 | D132: =C132/B132% -> #DIV/0! | E132: =IFERROR(SUMIFS('塗裝各項不良率-明細'!K:K, '塗裝各項不良率-明細'!C:C, A132, '塗裝各項不良率-明細'!I:I, "5OE*") / SUMIFS('塗裝各項不良率-明細'!J:J, '塗裝各項不良率-明細'!C:C, A132, '塗裝各項不良率-明細'!I:I, "5OE*"), 0) -> 0 | F132: =IFERROR(SUMIFS('塗裝各項不良率-明細'!K:K, '塗裝各項不良率-明細'!C:C, A132, '塗裝各項不良率-明細'!I:I, "5PP*") / SUMIFS('塗裝各項不良率-明細'!J:J, '塗裝各項不良率-明細'!C:C, A132, '塗裝各項不良率-明細'!I:I, "5PP*"), 0) -> 0 | G132: =IFERROR(SUMIFS('塗裝各項不良率-明細'!K:K, '塗裝各項不良率-明細'!C:C, A132, '塗裝各項不良率-明細'!I:I, "5SN*") / SUMIFS('塗裝各項不良率-明細'!J:J, '塗裝各項不良率-明細'!C:C, A132, '塗裝各項不良率-明細'!I:I, "5SN*"), 0) -> 0
B133: =SUMIF('塗裝各項不良率-明細'!C:C,工作表6!A:A,'塗裝各項不良率-明細'!J:J) -> 0 | C133: =SUMIF('塗裝各項不良率-明細'!C:C,工作表6!A:A,'塗裝各項不良率-明細'!K:K) -> 0 | D133: =C133/B133% -> #DIV/0! | E133: =IFERROR(SUMIFS('塗裝各項不良率-明細'!K:K, '塗裝各項不良率-明細'!C:C, A133, '塗裝各項不良率-明細'!I:I, "5OE*") / SUMIFS('塗裝各項不良率-明細'!J:J, '塗裝各項不良率-明細'!C:C, A133, '塗裝各項不良率-明細'!I:I, "5OE*"), 0) -> 0 | F133: =IFERROR(SUMIFS('塗裝各項不良率-明細'!K:K, '塗裝各項不良率-明細'!C:C, A133, '塗裝各項不良率-明細'!I:I, "5PP*") / SUMIFS('塗裝各項不良率-明細'!J:J, '塗裝各項不良率-明細'!C:C, A133, '塗裝各項不良率-明細'!I:I, "5PP*"), 0) -> 0 | G133: =IFERROR(SUMIFS('塗裝各項不良率-明細'!K:K, '塗裝各項不良率-明細'!C:C, A133, '塗裝各項不良率-明細'!I:I, "5SN*") / SUMIFS('塗裝各項不良率-明細'!J:J, '塗裝各項不良率-明細'!C:C, A133, '塗裝各項不良率-明細'!I:I, "5SN*"), 0) -> 0
B134: =SUMIF('塗裝各項不良率-明細'!C:C,工作表6!A:A,'塗裝各項不良率-明細'!J:J) -> 0 | C134: =SUMIF('塗裝各項不良率-明細'!C:C,工作表6!A:A,'塗裝各項不良率-明細'!K:K) -> 0 | D134: =C134/B134% -> #DIV/0! | E134: =IFERROR(SUMIFS('塗裝各項不良率-明細'!K:K, '塗裝各項不良率-明細'!C:C, A134, '塗裝各項不良率-明細'!I:I, "5OE*") / SUMIFS('塗裝各項不良率-明細'!J:J, '塗裝各項不良率-明細'!C:C, A134, '塗裝各項不良率-明細'!I:I, "5OE*"), 0) -> 0 | F134: =IFERROR(SUMIFS('塗裝各項不良率-明細'!K:K, '塗裝各項不良率-明細'!C:C, A134, '塗裝各項不良率-明細'!I:I, "5PP*") / SUMIFS('塗裝各項不良率-明細'!J:J, '塗裝各項不良率-明細'!C:C, A134, '塗裝各項不良率-明細'!I:I, "5PP*"), 0) -> 0 | G134: =IFERROR(SUMIFS('塗裝各項不良率-明細'!K:K, '塗裝各項不良率-明細'!C:C, A134, '塗裝各項不良率-明細'!I:I, "5SN*") / SUMIFS('塗裝各項不良率-明細'!J:J, '塗裝各項不良率-明細'!C:C, A134, '塗裝各項不良率-明細'!I:I, "5SN*"), 0) -> 0
B135: =SUMIF('塗裝各項不良率-明細'!C:C,工作表6!A:A,'塗裝各項不良率-明細'!J:J) -> 0 | C135: =SUMIF('塗裝各項不良率-明細'!C:C,工作表6!A:A,'塗裝各項不良率-明細'!K:K) -> 0 | D135: =C135/B135% -> #DIV/0! | E135: =IFERROR(SUMIFS('塗裝各項不良率-明細'!K:K, '塗裝各項不良率-明細'!C:C, A135, '塗裝各項不良率-明細'!I:I, "5OE*") / SUMIFS('塗裝各項不良率-明細'!J:J, '塗裝各項不良率-明細'!C:C, A135, '塗裝各項不良率-明細'!I:I, "5OE*"), 0) -> 0 | F135: =IFERROR(SUMIFS('塗裝各項不良率-明細'!K:K, '塗裝各項不良率-明細'!C:C, A135, '塗裝各項不良率-明細'!I:I, "5PP*") / SUMIFS('塗裝各項不良率-明細'!J:J, '塗裝各項不良率-明細'!C:C, A135, '塗裝各項不良率-明細'!I:I, "5PP*"), 0) -> 0 | G135: =IFERROR(SUMIFS('塗裝各項不良率-明細'!K:K, '塗裝各項不良率-明細'!C:C, A135, '塗裝各項不良率-明細'!I:I, "5SN*") / SUMIFS('塗裝各項不良率-明細'!J:J, '塗裝各項不良率-明細'!C:C, A135, '塗裝各項不良率-明細'!I:I, "5SN*"), 0) -> 0
B136: =SUMIF('塗裝各項不良率-明細'!C:C,工作表6!A:A,'塗裝各項不良率-明細'!J:J) -> 0 | C136: =SUMIF('塗裝各項不良率-明細'!C:C,工作表6!A:A,'塗裝各項不良率-明細'!K:K) -> 0 | D136: =C136/B136% -> #DIV/0! | E136: =IFERROR(SUMIFS('塗裝各項不良率-明細'!K:K, '塗裝各項不良率-明細'!C:C, A136, '塗裝各項不良率-明細'!I:I, "5OE*") / SUMIFS('塗裝各項不良率-明細'!J:J, '塗裝各項不良率-明細'!C:C, A136, '塗裝各項不良率-明細'!I:I, "5OE*"), 0) -> 0 | F136: =IFERROR(SUMIFS('塗裝各項不良率-明細'!K:K, '塗裝各項不良率-明細'!C:C, A136, '塗裝各項不良率-明細'!I:I, "5PP*") / SUMIFS('塗裝各項不良率-明細'!J:J, '塗裝各項不良率-明細'!C:C, A136, '塗裝各項不良率-明細'!I:I, "5PP*"), 0) -> 0 | G136: =IFERROR(SUMIFS('塗裝各項不良率-明細'!K:K, '塗裝各項不良率-明細'!C:C, A136, '塗裝各項不良率-明細'!I:I, "5SN*") / SUMIFS('塗裝各項不良率-明細'!J:J, '塗裝各項不良率-明細'!C:C, A136, '塗裝各項不良率-明細'!I:I, "5SN*"), 0) -> 0
B137: =SUMIF('塗裝各項不良率-明細'!C:C,工作表6!A:A,'塗裝各項不良率-明細'!J:J) -> 0 | C137: =SUMIF('塗裝各項不良率-明細'!C:C,工作表6!A:A,'塗裝各項不良率-明細'!K:K) -> 0 | D137: =C137/B137% -> #DIV/0! | E137: =IFERROR(SUMIFS('塗裝各項不良率-明細'!K:K, '塗裝各項不良率-明細'!C:C, A137, '塗裝各項不良率-明細'!I:I, "5OE*") / SUMIFS('塗裝各項不良率-明細'!J:J, '塗裝各項不良率-明細'!C:C, A137, '塗裝各項不良率-明細'!I:I, "5OE*"), 0) -> 0 | F137: =IFERROR(SUMIFS('塗裝各項不良率-明細'!K:K, '塗裝各項不良率-明細'!C:C, A137, '塗裝各項不良率-明細'!I:I, "5PP*") / SUMIFS('塗裝各項不良率-明細'!J:J, '塗裝各項不良率-明細'!C:C, A137, '塗裝各項不良率-明細'!I:I, "5PP*"), 0) -> 0 | G137: =IFERROR(SUMIFS('塗裝各項不良率-明細'!K:K, '塗裝各項不良率-明細'!C:C, A137, '塗裝各項不良率-明細'!I:I, "5SN*") / SUMIFS('塗裝各項不良率-明細'!J:J, '塗裝各項不良率-明細'!C:C, A137, '塗裝各項不良率-明細'!I:I, "5SN*"), 0) -> 0
B138: =SUMIF('塗裝各項不良率-明細'!C:C,工作表6!A:A,'塗裝各項不良率-明細'!J:J) -> 0 | C138: =SUMIF('塗裝各項不良率-明細'!C:C,工作表6!A:A,'塗裝各項不良率-明細'!K:K) -> 0 | D138: =C138/B138% -> #DIV/0! | E138: =IFERROR(SUMIFS('塗裝各項不良率-明細'!K:K, '塗裝各項不良率-明細'!C:C, A138, '塗裝各項不良率-明細'!I:I, "5OE*") / SUMIFS('塗裝各項不良率-明細'!J:J, '塗裝各項不良率-明細'!C:C, A138, '塗裝各項不良率-明細'!I:I, "5OE*"), 0) -> 0 | F138: =IFERROR(SUMIFS('塗裝各項不良率-明細'!K:K, '塗裝各項不良率-明細'!C:C, A138, '塗裝各項不良率-明細'!I:I, "5PP*") / SUMIFS('塗裝各項不良率-明細'!J:J, '塗裝各項不良率-明細'!C:C, A138, '塗裝各項不良率-明細'!I:I, "5PP*"), 0) -> 0 | G138: =IFERROR(SUMIFS('塗裝各項不良率-明細'!K:K, '塗裝各項不良率-明細'!C:C, A138, '塗裝各項不良率-明細'!I:I, "5SN*") / SUMIFS('塗裝各項不良率-明細'!J:J, '塗裝各項不良率-明細'!C:C, A138, '塗裝各項不良率-明細'!I:I, "5SN*"), 0) -> 0
B139: =SUMIF('塗裝各項不良率-明細'!C:C,工作表6!A:A,'塗裝各項不良率-明細'!J:J) -> 0 | C139: =SUMIF('塗裝各項不良率-明細'!C:C,工作表6!A:A,'塗裝各項不良率-明細'!K:K) -> 0 | D139: =C139/B139% -> #DIV/0! | E139: =IFERROR(SUMIFS('塗裝各項不良率-明細'!K:K, '塗裝各項不良率-明細'!C:C, A139, '塗裝各項不良率-明細'!I:I, "5OE*") / SUMIFS('塗裝各項不良率-明細'!J:J, '塗裝各項不良率-明細'!C:C, A139, '塗裝各項不良率-明細'!I:I, "5OE*"), 0) -> 0 | F139: =IFERROR(SUMIFS('塗裝各項不良率-明細'!K:K, '塗裝各項不良率-明細'!C:C, A139, '塗裝各項不良率-明細'!I:I, "5PP*") / SUMIFS('塗裝各項不良率-明細'!J:J, '塗裝各項不良率-明細'!C:C, A139, '塗裝各項不良率-明細'!I:I, "5PP*"), 0) -> 0 | G139: =IFERROR(SUMIFS('塗裝各項不良率-明細'!K:K, '塗裝各項不良率-明細'!C:C, A139, '塗裝各項不良率-明細'!I:I, "5SN*") / SUMIFS('塗裝各項不良率-明細'!J:J, '塗裝各項不良率-明細'!C:C, A139, '塗裝各項不良率-明細'!I:I, "5SN*"), 0) -> 0
... B172: =SUMIF('塗裝各項不良率-明細'!C:C,工作表6!A:A,'塗裝各項不良率-明細'!J:J) -> 0 | C172: =SUMIF('塗裝各項不良率-明細'!C:C,工作表6!A:A,'塗裝各項不良率-明細'!K:K) -> 0 | D172: =C172/B172% -> #DIV/0! | E172: =IFERROR(SUMIFS('塗裝各項不良率-明細'!K:K, '塗裝各項不良率-明細'!C:C, A172, '塗裝各項不良率-明細'!I:I, "5OE*") / SUMIFS('塗裝各項不良率-明細'!J:J, '塗裝各項不良率-明細'!C:C, A172, '塗裝各項不良率-明細'!I:I, "5OE*"), 0) -> 0 | F172: =IFERROR(SUMIFS('塗裝各項不良率-明細'!K:K, '塗裝各項不良率-明細'!C:C, A172, '塗裝各項不良率-明細'!I:I, "5PP*") / SUMIFS('塗裝各項不良率-明細'!J:J, '塗裝各項不良率-明細'!C:C, A172, '塗裝各項不良率-明細'!I:I, "5PP*"), 0) -> 0 | G172: =IFERROR(SUMIFS('塗裝各項不良率-明細'!K:K, '塗裝各項不良率-明細'!C:C, A172, '塗裝各項不良率-明細'!I:I, "5SN*") / SUMIFS('塗裝各項不良率-明細'!J:J, '塗裝各項不良率-明細'!C:C, A172, '塗裝各項不良率-明細'!I:I, "5SN*"), 0) -> 0

Sheet 工作表2
A1: 1:邦善 | B1: 2.建榮 | C1: 3.敦陽 | F1: 霧面黑 | G1: 銀 | H1: 白 | I1: 灰 | J1: 紅 | K1: 黑 | L1: 藍 | M1: 綠 | N1: 金 | O1: 棕 | P1: 黃 | Q1: 紫 | R1: 橘
A2: 76S | B2: 敦陽 | C2: 銀 | D2: PT00047500T
A3: 4PW | B3: 敦陽 | C3: 白 | D3: PT00001700T
A4: 4VW | B4: 建榮 | C4: 白 | D4: PT00002100T
A5: 75W | B5: 敦陽 | C5: 白 | D5: PT00047400T
A6: 76S | B6: 敦陽 | C6: 銀 | D6: PT00047500T
A7: 78A | B7: 敦陽 | C7: 灰 | D7: PT00047600T
A8: 88S | B8: 敦陽 | C8: 銀 | D8: PT00048000T
A9: 9DB | B9: 敦陽 | C9: 黑 | D9: PT00015200T
A10: AAW | B10: 邦善 | C10: 白 | D10: PT00000800T
A11: FHW | B11: 建榮 | C11: 白 | D11: PT00050000T
A12: HSS | B12: 邦善 | C12: 銀 | D12: PT00111600T
A13: HUR | B13: 建榮 | C13: 紅 | D13: PT00111700T
... A59: HSS | B59: 邦善 | C59: 銀 | D59: PT00111600T
A60: A0T | B60: 建榮 | C60: 底漆
A61: MUB | B61: 邦善 | C61: 黑 | D61: PT00109500T
A62: QEN | B62: 邦善 | C62: 棕 | D62: PT00128600T
A63: V9L | B63: 邦善 | C63: 藍 | D63: PT00154100T
A64: 2US | B64: 建榮 | C64: 銀 | D64: PT00006700T
A65: M2W | B65: 邦善 | C65: 白 | D65: PT00105700T
A66: 71A | B66: 敦陽 | C66: 灰 | D66: PT00003000T
A67: CCA | B67: 邦善 | C67: 灰 | D67: PT00030800T
A68: 39A | B68: 敦陽 | C68: 灰 | D68: =VLOOKUP(A68,[2]色碼對照!$G:$I,3,0) -> #N/A
A69: 4BB | B69: 敦陽 | C69: 黑 | D69: =VLOOKUP(A69,[2]色碼對照!$G:$I,3,0) -> #N/A
A70: 7FB | B70: 邦善 | C70: 黑 | D70: =VLOOKUP(A70,[2]色碼對照!$G:$I,3,0) -> #N/A
A71: ACS | B71: 建榮 | C71: 銀 | D71: =VLOOKUP(A71,[2]色碼對照!$G:$I,3,0) -> #N/A
A72: 6XB | B72: 邦善 | C72: 霧面黑 | D72: =VLOOKUP(A72,[2]色碼對照!$G:$I,3,0) -> #N/A
A73: BBB | B73: 邦善 | C73: 霧面黑 | D73: =VLOOKUP(A73,[2]色碼對照!$G:$I,3,0) -> #N/A
A74: HDL | B74: 邦善 | C74: 藍 | D74: =VLOOKUP(A74,[2]色碼對照!$G:$I,3,0) -> #N/A
A75: QRB | B75: 邦善 | C75: 霧面黑
A76: 31B | B76: 建榮 | C76: 黑
A77: EEA | B77: 建榮 | C77: 灰
A78: N4L | B78: 邦善 | C78: 藍
A79: 09B | B79: 邦善 | C79: 黑
A80: VLS | B80: 邦善 | C80: 銀
A81: NJR | B81: 邦善 | C81: 紅
A82: S3B | B82: 邦善 | C82: 黑
A83: VBR | B83: 邦善 | C83: 紅
A84: QUW | B84: 邦善 | C84: 白
A85: QXR | B85: 邦善 | C85: 紅
A86: TZB | B86: 邦善 | C86: 黑
... A279: UML | B279: 邦善 | C279: 藍
